50 198 100000000000000
-50038893519812 -50038893519811 163966788053 163966788054 -92761505983 -92761505982 -11661415210 -11661415209 -490708906 -490708905 2324922708 2324922709 2714771485 2714771486 2394514370 2394514371 1603730824 1603730825 867532079 867532080 175648287 175648288 -318700945 -318700944 -582696300 -582696299 -679762464 -679762463 -568254089 -568254088 -384852252 -384852251 -128341773 -128341772 107237570 107237571 277637722 277637723 380006165 380006166 360092570 360092571 282092116 282092117 125744829 125744830 -42155957 -42155956 -189594975 -189594974 -302158287 -302158286 -318038148 -318038147 -283002274 -283002273 -155436510 -155436509 1465694 1465695 166147705 166147706 318088337 318088338 372584136 372584137 379584360 379584361 248774657 248774658 63136693 63136694 -180347793 -180347792 -455501629 -455501628 -608662355 -608662354 -744819837 -744819836 -588614346 -588614345 -327970512 -327970511 212671477 212671478 1050509176 1050509177 1776717466 1776717467 3262887756 3262887757 3641516226 3641516227 5915444916 5915444917 4944854051 4944854052 9847285983 9847285984 -50134903366706 -50134903366705
-1 1 -1 1 -1 1 -1 1 -1 1 -1 1 -1 1 -1 1 -1 1 -1 1 -1 1 -1 1 -1 1 -1 1 -1 1 -1 1 -1 1 -1 1 -1 1 -1 1 -1 1 -1 1 -1 1 -1 1 -1 1 -1 1 -1 1 -1 1 -1 1 -1 1 -1 1 -1 1 -1 1 -1 1 -1 1 -1 1 -1 1 -1 1 -1 1 -1 1 -1 1 -1 1 -1 1 -1 1 -1 1 -1 1 -1 1 -1 1 -1 1 -1 1 -1 1
-50038893519812 -50038893519811 163966788053 163966788054 -92761505983 -92761505982 -11661415210 -11661415209 -490708906 -490708905 2324922708 2324922709 2714771485 2714771486 2394514370 2394514371 1603730824 1603730825 867532079 867532080 175648287 175648288 -318700945 -318700944 -582696300 -582696299 -679762464 -679762463 -568254089 -568254088 -384852252 -384852251 -128341773 -128341772 107237570 107237571 277637722 277637723 380006165 380006166 360092570 360092571 282092116 282092117 125744829 125744830 -42155957 -42155956 -189594975 -189594974 -302158287 -302158286 -318038148 -318038147 -283002274 -283002273 -155436510 -155436509 1465694 1465695 166147705 166147706 318088337 318088338 372584136 372584137 379584360 379584361 248774657 248774658 63136693 63136694 -180347793 -180347792 -455501629 -455501628 -608662355 -608662354 -744819837 -744819836 -588614346 -588614345 -327970512 -327970511 212671477 212671478 1050509176 1050509177 1776717466 1776717467 3262887756 3262887757 3641516226 3641516227 5915444916 5915444917 4944854051 4944854052 9847285983 9847285984 -50134903366706 -50134903366705
-1 1 -1 1 -1 1 -1 1 -1 1 -1 1 -1 1 -1 1 -1 1 -1 1 -1 1 -1 1 -1 1 -1 1 -1 1 -1 1 -1 1 -1 1 -1 1 -1 1 -1 1 -1 1 -1 1 -1 1 -1 1 -1 1 -1 1 -1 1 -1 1 -1 1 -1 1 -1 1 -1 1 -1 1 -1 1 -1 1 -1 1 -1 1 -1 1 -1 1 -1 1 -1 1 -1 1 -1 1 -1 1 -1 1 -1 1 -1 1 -1 1 -1 1 -1 1
-742559039963 -742559039962 -450077692385 -450077692384 254574245997 254574245998 31973568599 31973568600 1320054472 1320054473 -6400660423 -6400660422 -7461503080 -7461503079 -6574627990 -6574627989 -4397741538 -4397741537 -2372733589 -2372733588 -472423339 -472423338 883893227 883893228 1605464820 1605464821 1868125596 1868125597 1557932211 1557932212 1050963893 1050963894 345055673 345055674 -302112819 -302112818 -768043525 -768043524 -1046192687 -1046192686 -987669334 -987669333 -769675150 -769675149 -337872146 -337872145 124589499 124589500 528159362 528159363 834564938 834564939 873555184 873555185 772036504 772036505 417327244 417327245 -17208988 -17208987 -469170519 -469170518 -884055897 -884055896 -1026855983 -1026855982 -1036739019 -1036739018 -667529325 -667529324 -146477305 -146477304 526492545 526492546 1284316398 1284316399 1693097560 1693097561 2046308151 2046308152 1583619118 1583619119 812056350 812056351 -722517759 -722517758 -3121588359 -3121588358 -5159911092 -5159911091 -9386625940 -9386625939 -10422808881 -10422808880 -16880025795 -16880025794 -14084063811 -14084063810 477034217820 477034217821 -980274158469 -980274158468
-1 1 -1 1 -1 1 -1 1 -1 1 -1 1 -1 1 -1 1 -1 1 -1 1 -1 1 -1 1 -1 1 -1 1 -1 1 -1 1 -1 1 -1 1 -1 1 -1 1 -1 1 -1 1 -1 1 -1 1 -1 1 -1 1 -1 1 -1 1 -1 1 -1 1 -1 1 -1 1 -1 1 -1 1 -1 1 -1 1 -1 1 -1 1 -1 1 -1 1 -1 1 -1 1 -1 1 -1 1 -1 1 -1 1 -1 1 -1 1 -1 1 -1 1 -1 1
-742559039963 -742559039962 -450077692385 -450077692384 254574245997 254574245998 31973568599 31973568600 1320054472 1320054473 -6400660423 -6400660422 -7461503080 -7461503079 -6574627990 -6574627989 -4397741538 -4397741537 -2372733589 -2372733588 -472423339 -472423338 883893227 883893228 1605464820 1605464821 1868125596 1868125597 1557932211 1557932212 1050963893 1050963894 345055673 345055674 -302112819 -302112818 -768043525 -768043524 -1046192687 -1046192686 -987669334 -987669333 -769675150 -769675149 -337872146 -337872145 124589499 124589500 528159362 528159363 834564938 834564939 873555184 873555185 772036504 772036505 417327244 417327245 -17208988 -17208987 -469170519 -469170518 -884055897 -884055896 -1026855983 -1026855982 -1036739019 -1036739018 -667529325 -667529324 -146477305 -146477304 526492545 526492546 1284316398 1284316399 1693097560 1693097561 2046308151 2046308152 1583619118 1583619119 812056350 812056351 -722517759 -722517758 -3121588359 -3121588358 -5159911092 -5159911091 -9386625940 -9386625939 -10422808881 -10422808880 -16880025795 -16880025794 -14084063811 -14084063810 477034217820 477034217821 -980274158469 -980274158468
-1 1 -1 1 -1 1 -1 1 -1 1 -1 1 -1 1 -1 1 -1 1 -1 1 -1 1 -1 1 -1 1 -1 1 -1 1 -1 1 -1 1 -1 1 -1 1 -1 1 -1 1 -1 1 -1 1 -1 1 -1 1 -1 1 -1 1 -1 1 -1 1 -1 1 -1 1 -1 1 -1 1 -1 1 -1 1 -1 1 -1 1 -1 1 -1 1 -1 1 -1 1 -1 1 -1 1 -1 1 -1 1 -1 1 -1 1 -1 1 -1 1 -1 1 -1 1
1677583467813 1677583467814 621543692107 621543692108 -351404199200 -351404199199 -44041688097 -44041688096 -1739186382 -1739186381 8897899735 8897899736 10333989565 10333989566 9084951037 9084951038 6059323699 6059323700 3249836883 3249836884 622105718 622105719 -1248848477 -1248848476 -2235653183 -2235653182 -2586548441 -2586548440 -2145373295 -2145373294 -1434262869 -1434262868 -453895819 -453895818 441322333 441322334 1079006772 1079006773 1454142166 1454142167 1361246456 1361246457 1048094171 1048094172 443674211 443674212 -199735160 -199735159 -753272073 -753272072 -1168139723 -1168139722 -1207492140 -1207492139 -1050532101 -1050532100 -546637435 -546637434 65170947 65170948 688577159 688577160 1254063165 1254063166 1429503755 1429503756 1413402549 1413402550 871804407 871804408 116609635 116609636 -825939329 -825939328 -1878243321 -1878243320 -2403357884 -2403357883 -2821789172 -2821789171 -2072150743 -2072150742 -822294142 -822294141 1459974579 1459974580 5096546737 5096546738 8054697265 8054697266 14370260784 14370260785 15787607132 15787607133 25404524161 25404524162 -147294774260 -147294774259 41898582434 41898582435 1464386871470 1464386871471
-1 1 -1 1 -1 1 -1 1 -1 1 -1 1 -1 1 -1 1 -1 1 -1 1 -1 1 -1 1 -1 1 -1 1 -1 1 -1 1 -1 1 -1 1 -1 1 -1 1 -1 1 -1 1 -1 1 -1 1 -1 1 -1 1 -1 1 -1 1 -1 1 -1 1 -1 1 -1 1 -1 1 -1 1 -1 1 -1 1 -1 1 -1 1 -1 1 -1 1 -1 1 -1 1 -1 1 -1 1 -1 1 -1 1 -1 1 -1 1 -1 1 -1 1 -1 1
1677583467813 1677583467814 621543692107 621543692108 -351404199200 -351404199199 -44041688097 -44041688096 -1739186382 -1739186381 8897899735 8897899736 10333989565 10333989566 9084951037 9084951038 6059323699 6059323700 3249836883 3249836884 622105718 622105719 -1248848477 -1248848476 -2235653183 -2235653182 -2586548441 -2586548440 -2145373295 -2145373294 -1434262869 -1434262868 -453895819 -453895818 441322333 441322334 1079006772 1079006773 1454142166 1454142167 1361246456 1361246457 1048094171 1048094172 443674211 443674212 -199735160 -199735159 -753272073 -753272072 -1168139723 -1168139722 -1207492140 -1207492139 -1050532101 -1050532100 -546637435 -546637434 65170947 65170948 688577159 688577160 1254063165 1254063166 1429503755 1429503756 1413402549 1413402550 871804407 871804408 116609635 116609636 -825939329 -825939328 -1878243321 -1878243320 -2403357884 -2403357883 -2821789172 -2821789171 -2072150743 -2072150742 -822294142 -822294141 1459974579 1459974580 5096546737 5096546738 8054697265 8054697266 14370260784 14370260785 15787607132 15787607133 25404524161 25404524162 -147294774260 -147294774259 41898582434 41898582435 1464386871470 1464386871471
-1 1 -1 1 -1 1 -1 1 -1 1 -1 1 -1 1 -1 1 -1 1 -1 1 -1 1 -1 1 -1 1 -1 1 -1 1 -1 1 -1 1 -1 1 -1 1 -1 1 -1 1 -1 1 -1 1 -1 1 -1 1 -1 1 -1 1 -1 1 -1 1 -1 1 -1 1 -1 1 -1 1 -1 1 -1 1 -1 1 -1 1 -1 1 -1 1 -1 1 -1 1 -1 1 -1 1 -1 1 -1 1 -1 1 -1 1 -1 1 -1 1 -1 1 -1 1
-1975682927215 -1975682927214 -635172524786 -635172524785 358807126486 358807126487 44787539704 44787539705 1614285824 1614285825 -9207164795 -9207164794 -10618308901 -10618308900 -9294487762 -9294487761 -6164771263 -6164771262 -3268486745 -3268486744 -576657196 -576657195 1330979891 1330979892 2320343597 2320343598 2655691022 2655691023 2179882862 2179882863 1431857801 1431857802 419526971 419526972 -497843731 -497843730 -1137891926 -1137891925 -1503374998 -1503374997 -1384767354 -1384767353 -1041178325 -1041178324 -408078022 -408078021 258133128 258133129 815682481 815682482 1222700677 1222700678 1234149812 1234149813 1040755510 1040755511 498872918 498872919 -148267393 -148267392 -782242881 -782242880 -1343372237 -1343372236 -1478229666 -1478229665 -1401623080 -1401623079 -786051924 -786051923 54394639 54394640 1039039992 1039039993 2117976444 2117976445 2566879313 2566879314 2840615003 2840615004 1841620888 1841620889 172114883 172114884 -2497019791 -2497019790 -6893036925 -6893036924 -10206368799 -10206368798 -17661106742 -17661106741 -19069431676 -19069431675 138303111763 138303111764 -25060485027 -25060485026 -49536219482 -49536219481 -1728097217424 -1728097217423
-1 1 -1 1 -1 1 -1 1 -1 1 -1 1 -1 1 -1 1 -1 1 -1 1 -1 1 -1 1 -1 1 -1 1 -1 1 -1 1 -1 1 -1 1 -1 1 -1 1 -1 1 -1 1 -1 1 -1 1 -1 1 -1 1 -1 1 -1 1 -1 1 -1 1 -1 1 -1 1 -1 1 -1 1 -1 1 -1 1 -1 1 -1 1 -1 1 -1 1 -1 1 -1 1 -1 1 -1 1 -1 1 -1 1 -1 1 -1 1 -1 1 -1 1 -1 1
-1975682927215 -1975682927214 -635172524786 -635172524785 358807126486 358807126487 44787539704 44787539705 1614285824 1614285825 -9207164795 -9207164794 -10618308901 -10618308900 -9294487762 -9294487761 -6164771263 -6164771262 -3268486745 -3268486744 -576657196 -576657195 1330979891 1330979892 2320343597 2320343598 2655691022 2655691023 2179882862 2179882863 1431857801 1431857802 419526971 419526972 -497843731 -497843730 -1137891926 -1137891925 -1503374998 -1503374997 -1384767354 -1384767353 -1041178325 -1041178324 -408078022 -408078021 258133128 258133129 815682481 815682482 1222700677 1222700678 1234149812 1234149813 1040755510 1040755511 498872918 498872919 -148267393 -148267392 -782242881 -782242880 -1343372237 -1343372236 -1478229666 -1478229665 -1401623080 -1401623079 -786051924 -786051923 54394639 54394640 1039039992 1039039993 2117976444 2117976445 2566879313 2566879314 2840615003 2840615004 1841620888 1841620889 172114883 172114884 -2497019791 -2497019790 -6893036925 -6893036924 -10206368799 -10206368798 -17661106742 -17661106741 -19069431676 -19069431675 138303111763 138303111764 -25060485027 -25060485026 -49536219482 -49536219481 -1728097217424 -1728097217423
-1 1 -1 1 -1 1 -1 1 -1 1 -1 1 -1 1 -1 1 -1 1 -1 1 -1 1 -1 1 -1 1 -1 1 -1 1 -1 1 -1 1 -1 1 -1 1 -1 1 -1 1 -1 1 -1 1 -1 1 -1 1 -1 1 -1 1 -1 1 -1 1 -1 1 -1 1 -1 1 -1 1 -1 1 -1 1 -1 1 -1 1 -1 1 -1 1 -1 1 -1 1 -1 1 -1 1 -1 1 -1 1 -1 1 -1 1 -1 1 -1 1 -1 1 -1 1
2009867937143 2009867937144 488444951617 488444951618 -275429812484 -275429812483 -34084528650 -34084528649 -977140385 -977140384 7264734043 7264734044 8258015632 8258015633 7162925841 7162925842 4695101257 4695101258 2427341491 2427341492 347412963 347412964 -1111842054 -1111842053 -1841130924 -1841130923 -2060865892 -2060865891 -1654458276 -1654458275 -1044895159 -1044895158 -250127907 -250127906 458520957 458520958 930930896 930930897 1182121192 1182121193 1052184932 1052184933 749796716 749796717 238799740 238799741 -286260861 -286260860 -700104318 -700104317 -983719141 -983719140 -944693080 -944693079 -741782688 -741782687 -282474293 -282474292 248474477 248474478 727092969 727092970 1126261603 1126261604 1153329893 1153329894 992041057 992041058 417763402 417763403 -337451608 -337451607 -1118561057 -1118561056 -1934622352 -1934622351 -2110755944 -2110755943 -2025521297 -2025521296 -837821955 -837821954 1162791939 1162791940 3807344910 3807344911 8410096816 8410096817 11454962519 11454962520 18975965921 18975965922 -81305536217 -81305536216 31250587371 31250587372 25522026342 25522026343 50125066508 50125066509 1743345400656 1743345400657
-1 1 -1 1 -1 1 -1 1 -1 1 -1 1 -1 1 -1 1 -1 1 -1 1 -1 1 -1 1 -1 1 -1 1 -1 1 -1 1 -1 1 -1 1 -1 1 -1 1 -1 1 -1 1 -1 1 -1 1 -1 1 -1 1 -1 1 -1 1 -1 1 -1 1 -1 1 -1 1 -1 1 -1 1 -1 1 -1 1 -1 1 -1 1 -1 1 -1 1 -1 1 -1 1 -1 1 -1 1 -1 1 -1 1 -1 1 -1 1 -1 1 -1 1 -1 1
2009867937143 2009867937144 488444951617 488444951618 -275429812484 -275429812483 -34084528650 -34084528649 -977140385 -977140384 7264734043 7264734044 8258015632 8258015633 7162925841 7162925842 4695101257 4695101258 2427341491 2427341492 347412963 347412964 -1111842054 -1111842053 -1841130924 -1841130923 -2060865892 -2060865891 -1654458276 -1654458275 -1044895159 -1044895158 -250127907 -250127906 458520957 458520958 930930896 930930897 1182121192 1182121193 1052184932 1052184933 749796716 749796717 238799740 238799741 -286260861 -286260860 -700104318 -700104317 -983719141 -983719140 -944693080 -944693079 -741782688 -741782687 -282474293 -282474292 248474477 248474478 727092969 727092970 1126261603 1126261604 1153329893 1153329894 992041057 992041058 417763402 417763403 -337451608 -337451607 -1118561057 -1118561056 -1934622352 -1934622351 -2110755944 -2110755943 -2025521297 -2025521296 -837821955 -837821954 1162791939 1162791940 3807344910 3807344911 8410096816 8410096817 11454962519 11454962520 18975965921 18975965922 -81305536217 -81305536216 31250587371 31250587372 25522026342 25522026343 50125066508 50125066509 1743345400656 1743345400657
-1 1 -1 1 -1 1 -1 1 -1 1 -1 1 -1 1 -1 1 -1 1 -1 1 -1 1 -1 1 -1 1 -1 1 -1 1 -1 1 -1 1 -1 1 -1 1 -1 1 -1 1 -1 1 -1 1 -1 1 -1 1 -1 1 -1 1 -1 1 -1 1 -1 1 -1 1 -1 1 -1 1 -1 1 -1 1 -1 1 -1 1 -1 1 -1 1 -1 1 -1 1 -1 1 -1 1 -1 1 -1 1 -1 1 -1 1 -1 1 -1 1 -1 1 -1 1
-1677606876254 -1677606876253 -219929759949 -219929759948 123227768945 123227768946 14774692570 14774692571 16941957 16941958 -3565354572 -3565354571 -3864737936 -3864737935 -3247785884 -3247785883 -2038987505 -2038987504 -953573943 -953573942 -2234162 -2234161 641240459 641240460 918040578 918040579 955057202 955057203 707125742 707125743 378136336 378136337 -4531112 -4531111 -327064881 -327064880 -506363223 -506363222 -570057368 -570057367 -448967120 -448967119 -251857898 -251857897 15212222 15212223 269476076 269476077 428725136 428725137 505902342 505902343 409691052 409691053 230505936 230505937 -42227743 -42227742 -330092080 -330092079 -523895165 -523895164 -642059965 -642059964 -523254192 -523254191 -278338580 -278338579 140870100 140870101 648339731 648339732 1015257069 1015257070 1319604665 1319604666 1073599427 1073599428 466774473 466774474 -823210501 -823210500 -3035282004 -3035282003 -5264284318 -5264284317 -9535552766 -9535552765 -11752044482 -11752044481 83186711191 83186711192 -18547502165 -18547502164 -28289149359 -28289149358 -22706229873 -22706229872 -44122614383 -44122614382 -1526809536357 -1526809536356
-1 1 -1 1 -1 1 -1 1 -1 1 -1 1 -1 1 -1 1 -1 1 -1 1 -1 1 -1 1 -1 1 -1 1 -1 1 -1 1 -1 1 -1 1 -1 1 -1 1 -1 1 -1 1 -1 1 -1 1 -1 1 -1 1 -1 1 -1 1 -1 1 -1 1 -1 1 -1 1 -1 1 -1 1 -1 1 -1 1 -1 1 -1 1 -1 1 -1 1 -1 1 -1 1 -1 1 -1 1 -1 1 -1 1 -1 1 -1 1 -1 1 -1 1 -1 1
-1677606876254 -1677606876253 -219929759949 -219929759948 123227768945 123227768946 14774692570 14774692571 16941957 16941958 -3565354572 -3565354571 -3864737936 -3864737935 -3247785884 -3247785883 -2038987505 -2038987504 -953573943 -953573942 -2234162 -2234161 641240459 641240460 918040578 918040579 955057202 955057203 707125742 707125743 378136336 378136337 -4531112 -4531111 -327064881 -327064880 -506363223 -506363222 -570057368 -570057367 -448967120 -448967119 -251857898 -251857897 15212222 15212223 269476076 269476077 428725136 428725137 505902342 505902343 409691052 409691053 230505936 230505937 -42227743 -42227742 -330092080 -330092079 -523895165 -523895164 -642059965 -642059964 -523254192 -523254191 -278338580 -278338579 140870100 140870101 648339731 648339732 1015257069 1015257070 1319604665 1319604666 1073599427 1073599428 466774473 466774474 -823210501 -823210500 -3035282004 -3035282003 -5264284318 -5264284317 -9535552766 -9535552765 -11752044482 -11752044481 83186711191 83186711192 -18547502165 -18547502164 -28289149359 -28289149358 -22706229873 -22706229872 -44122614383 -44122614382 -1526809536357 -1526809536356
-1 1 -1 1 -1 1 -1 1 -1 1 -1 1 -1 1 -1 1 -1 1 -1 1 -1 1 -1 1 -1 1 -1 1 -1 1 -1 1 -1 1 -1 1 -1 1 -1 1 -1 1 -1 1 -1 1 -1 1 -1 1 -1 1 -1 1 -1 1 -1 1 -1 1 -1 1 -1 1 -1 1 -1 1 -1 1 -1 1 -1 1 -1 1 -1 1 -1 1 -1 1 -1 1 -1 1 -1 1 -1 1 -1 1 -1 1 -1 1 -1 1 -1 1 -1 1
1163197744726 1163197744727 -100980339551 -100980339550 58386879415 58386879416 8094434601 8094434602 975256287 975256288 -965576722 -965576721 -1442385421 -1442385420 -1443147261 -1443147260 -1111101891 -1111101890 -758918721 -758918720 -354304481 -354304480 -25843713 -25843712 220916815 220916816 380839170 380839171 415585793 415585794 388448894 388448895 267425824 267425825 124560516 124560517 -36906231 -36906230 -181604114 -181604113 -269914346 -269914345 -318371158 -318371157 -277488651 -277488650 -197308544 -197308543 -57085074 -57085073 99359051 99359052 237969769 237969770 357676920 357676921 378875684 378875685 350216361 350216362 199162062 199162063 -11948695 -11948694 -269593964 -269593963 -562978533 -562978532 -733138572 -733138571 -866140927 -866140926 -688448388 -688448387 -326017775 -326017774 403563090 403563091 1598105993 1598105994 2880344610 2880344611 5157081918 5157081919 6664623865 6664623866 10162687607 10162687608 -61427817299 -61427817298 16038982612 16038982613 15280536452 15280536453 22311903371 22311903372 17369727006 17369727007 33102236312 33102236313 1134656724732 1134656724733
-1 1 -1 1 -1 1 -1 1 -1 1 -1 1 -1 1 -1 1 -1 1 -1 1 -1 1 -1 1 -1 1 -1 1 -1 1 -1 1 -1 1 -1 1 -1 1 -1 1 -1 1 -1 1 -1 1 -1 1 -1 1 -1 1 -1 1 -1 1 -1 1 -1 1 -1 1 -1 1 -1 1 -1 1 -1 1 -1 1 -1 1 -1 1 -1 1 -1 1 -1 1 -1 1 -1 1 -1 1 -1 1 -1 1 -1 1 -1 1 -1 1 -1 1 -1 1
1163197744726 1163197744727 -100980339551 -100980339550 58386879415 58386879416 8094434601 8094434602 975256287 975256288 -965576722 -965576721 -1442385421 -1442385420 -1443147261 -1443147260 -1111101891 -1111101890 -758918721 -758918720 -354304481 -354304480 -25843713 -25843712 220916815 220916816 380839170 380839171 415585793 415585794 388448894 388448895 267425824 267425825 124560516 124560517 -36906231 -36906230 -181604114 -181604113 -269914346 -269914345 -318371158 -318371157 -277488651 -277488650 -197308544 -197308543 -57085074 -57085073 99359051 99359052 237969769 237969770 357676920 357676921 378875684 378875685 350216361 350216362 199162062 199162063 -11948695 -11948694 -269593964 -269593963 -562978533 -562978532 -733138572 -733138571 -866140927 -866140926 -688448388 -688448387 -326017775 -326017774 403563090 403563091 1598105993 1598105994 2880344610 2880344611 5157081918 5157081919 6664623865 6664623866 10162687607 10162687608 -61427817299 -61427817298 16038982612 16038982613 15280536452 15280536453 22311903371 22311903372 17369727006 17369727007 33102236312 33102236313 1134656724732 1134656724733
-1 1 -1 1 -1 1 -1 1 -1 1 -1 1 -1 1 -1 1 -1 1 -1 1 -1 1 -1 1 -1 1 -1 1 -1 1 -1 1 -1 1 -1 1 -1 1 -1 1 -1 1 -1 1 -1 1 -1 1 -1 1 -1 1 -1 1 -1 1 -1 1 -1 1 -1 1 -1 1 -1 1 -1 1 -1 1 -1 1 -1 1 -1 1 -1 1 -1 1 -1 1 -1 1 -1 1 -1 1 -1 1 -1 1 -1 1 -1 1 -1 1 -1 1 -1 1
-529399038763 -529399038762 392250140774 392250140775 -222890533580 -222890533579 -28606154216 -28606154215 -1693252143 -1693252142 5206891932 5206891933 6325766572 6325766573 5714621935 5714621936 3941545185 3941545186 2255682024 2255682025 611964478 611964479 -595073247 -595073246 -1296725408 -1296725407 -1610106659 -1610106658 -1423290457 -1423290456 -1048348172 -1048348171 -456954959 -456954958 112977122 112977123 572420797 572420798 887633536 887633537 919800445 919800446 806139660 806139661 466135761 466135762 69439672 69439673 -336907064 -336907063 -689718759 -689718758 -835594205 -835594204 -863626690 -863626689 -621679768 -621679767 -273608121 -273608120 196536518 196536519 699227944 699227945 1039502109 1039502110 1312643115 1312643116 1174982455 1174982456 863814330 863814331 119092779 119092780 -938803084 -938803083 -2105025111 -2105025110 -3833992085 -3833992084 -4983317247 -4983317246 -7161288308 -7161288307 -7772689310 -7772689309 62633719625 62633719626 -9840516083 -9840516082 -12601393206 -12601393205 -10863136175 -10863136174 -14591007065 -14591007064 -10642142783 -10642142782 -19390992941 -19390992940 -649613840707 -649613840706
-1 1 -1 1 -1 1 -1 1 -1 1 -1 1 -1 1 -1 1 -1 1 -1 1 -1 1 -1 1 -1 1 -1 1 -1 1 -1 1 -1 1 -1 1 -1 1 -1 1 -1 1 -1 1 -1 1 -1 1 -1 1 -1 1 -1 1 -1 1 -1 1 -1 1 -1 1 -1 1 -1 1 -1 1 -1 1 -1 1 -1 1 -1 1 -1 1 -1 1 -1 1 -1 1 -1 1 -1 1 -1 1 -1 1 -1 1 -1 1 -1 1 -1 1 -1 1
-529399038763 -529399038762 392250140774 392250140775 -222890533580 -222890533579 -28606154216 -28606154215 -1693252143 -1693252142 5206891932 5206891933 6325766572 6325766573 5714621935 5714621936 3941545185 3941545186 2255682024 2255682025 611964478 611964479 -595073247 -595073246 -1296725408 -1296725407 -1610106659 -1610106658 -1423290457 -1423290456 -1048348172 -1048348171 -456954959 -456954958 112977122 112977123 572420797 572420798 887633536 887633537 919800445 919800446 806139660 806139661 466135761 466135762 69439672 69439673 -336907064 -336907063 -689718759 -689718758 -835594205 -835594204 -863626690 -863626689 -621679768 -621679767 -273608121 -273608120 196536518 196536519 699227944 699227945 1039502109 1039502110 1312643115 1312643116 1174982455 1174982456 863814330 863814331 119092779 119092780 -938803084 -938803083 -2105025111 -2105025110 -3833992085 -3833992084 -4983317247 -4983317246 -7161288308 -7161288307 -7772689310 -7772689309 62633719625 62633719626 -9840516083 -9840516082 -12601393206 -12601393205 -10863136175 -10863136174 -14591007065 -14591007064 -10642142783 -10642142782 -19390992941 -19390992940 -649613840707 -649613840706
-1 1 -1 1 -1 1 -1 1 -1 1 -1 1 -1 1 -1 1 -1 1 -1 1 -1 1 -1 1 -1 1 -1 1 -1 1 -1 1 -1 1 -1 1 -1 1 -1 1 -1 1 -1 1 -1 1 -1 1 -1 1 -1 1 -1 1 -1 1 -1 1 -1 1 -1 1 -1 1 -1 1 -1 1 -1 1 -1 1 -1 1 -1 1 -1 1 -1 1 -1 1 -1 1 -1 1 -1 1 -1 1 -1 1 -1 1 -1 1 -1 1 -1 1 -1 1
-50649683056 -50649683055 -580476375152 -580476375151 328736792011 328736792012 41526244563 41526244564 1908057052 1908057053 -8123113374 -8123113373 -9571272900 -9571272899 -8492575244 -8492575243 -5730293879 -5730293878 -3143417969 -3143417968 -688043886 -688043885 1081206218 1081206219 2048455780 2048455781 2425926646 2425926647 2057424427 2057424428 1424240820 1424240821 511408203 511408204 -340051731 -340051730 -975604001 -975604000 -1374519284 -1374519283 -1333696139 -1333696138 -1077740075 -1077740074 -518109328 -518109327 99854881 99854882 668679366 668679367 1124778912 1124778913 1230639321 1230639322 1145855809 1145855810 685695846 685695847 87588965 87588966 -594182995 -594182994 -1270449672 -1270449671 -1597572221 -1597572220 -1759049340 -1759049339 -1300078028 -1300078027 -543137489 -543137488 678373861 678373862 2328460806 2328460807 3780821631 3780821632 5875932725 5875932726 6766559553 6766559554 8682327060 8682327061 -48360573840 -48360573839 9656628436 9656628437 8017503462 8017503463 8643034353 8643034354 6109851609 6109851610 6566755703 6566755704 3787499436 3787499437 5576056356 5576056357 163387519658 163387519659
-1 1 -1 1 -1 1 -1 1 -1 1 -1 1 -1 1 -1 1 -1 1 -1 1 -1 1 -1 1 -1 1 -1 1 -1 1 -1 1 -1 1 -1 1 -1 1 -1 1 -1 1 -1 1 -1 1 -1 1 -1 1 -1 1 -1 1 -1 1 -1 1 -1 1 -1 1 -1 1 -1 1 -1 1 -1 1 -1 1 -1 1 -1 1 -1 1 -1 1 -1 1 -1 1 -1 1 -1 1 -1 1 -1 1 -1 1 -1 1 -1 1 -1 1 -1 1
-50649683056 -50649683055 -580476375152 -580476375151 328736792011 328736792012 41526244563 41526244564 1908057052 1908057053 -8123113374 -8123113373 -9571272900 -9571272899 -8492575244 -8492575243 -5730293879 -5730293878 -3143417969 -3143417968 -688043886 -688043885 1081206218 1081206219 2048455780 2048455781 2425926646 2425926647 2057424427 2057424428 1424240820 1424240821 511408203 511408204 -340051731 -340051730 -975604001 -975604000 -1374519284 -1374519283 -1333696139 -1333696138 -1077740075 -1077740074 -518109328 -518109327 99854881 99854882 668679366 668679367 1124778912 1124778913 1230639321 1230639322 1145855809 1145855810 685695846 685695847 87588965 87588966 -594182995 -594182994 -1270449672 -1270449671 -1597572221 -1597572220 -1759049340 -1759049339 -1300078028 -1300078027 -543137489 -543137488 678373861 678373862 2328460806 2328460807 3780821631 3780821632 5875932725 5875932726 6766559553 6766559554 8682327060 8682327061 -48360573840 -48360573839 9656628436 9656628437 8017503462 8017503463 8643034353 8643034354 6109851609 6109851610 6566755703 6566755704 3787499436 3787499437 5576056356 5576056357 163387519658 163387519659
-1 1 -1 1 -1 1 -1 1 -1 1 -1 1 -1 1 -1 1 -1 1 -1 1 -1 1 -1 1 -1 1 -1 1 -1 1 -1 1 -1 1 -1 1 -1 1 -1 1 -1 1 -1 1 -1 1 -1 1 -1 1 -1 1 -1 1 -1 1 -1 1 -1 1 -1 1 -1 1 -1 1 -1 1 -1 1 -1 1 -1 1 -1 1 -1 1 -1 1 -1 1 -1 1 -1 1 -1 1 -1 1 -1 1 -1 1 -1 1 -1 1 -1 1 -1 1
502739803101 502739803102 619663007553 619663007554 -350005406968 -350005406967 -43657899610 -43657899609 -1538486962 -1538486961 9020803298 9020803299 10394371442 10394371443 9097913907 9097913908 6033429065 6033429066 3194380929 3194380930 552913665 552913666 -1322930620 -1322930619 -2297151905 -2297151904 -2628672874 -2628672873 -2158082711 -2158082710 -1415731311 -1415731310 -408070814 -408070813 509618694 509618695 1152621842 1152621843 1523060440 1523060441 1404997804 1404997805 1056633425 1056633426 408740444 408740445 -280872002 -280872001 -864328466 -864328465 -1298564572 -1298564571 -1318381737 -1318381736 -1118027483 -1118027482 -532639779 -532639778 187729838 187729839 915586668 915586669 1592364521 1592364522 1792353422 1792353423 1747210165 1747210166 1001816981 1001816982 -135080184 -135080183 -1649333931 -1649333930 -3678237100 -3678237099 -5191603054 -5191603053 -7400338274 -7400338273 -7924282829 -7924282828 47559575442 47559575443 -8326533672 -8326533671 -8532444504 -8532444503 -5949707884 -5949707883 -4779187290 -4779187289 -1789528233 -1789528232 434085623 434085624 2045797199 2045797200 6010254974 6010254975 241642060504 241642060505
-1 1 -1 1 -1 1 -1 1 -1 1 -1 1 -1 1 -1 1 -1 1 -1 1 -1 1 -1 1 -1 1 -1 1 -1 1 -1 1 -1 1 -1 1 -1 1 -1 1 -1 1 -1 1 -1 1 -1 1 -1 1 -1 1 -1 1 -1 1 -1 1 -1 1 -1 1 -1 1 -1 1 -1 1 -1 1 -1 1 -1 1 -1 1 -1 1 -1 1 -1 1 -1 1 -1 1 -1 1 -1 1 -1 1 -1 1 -1 1 -1 1 -1 1 -1 1
502739803101 502739803102 619663007553 619663007554 -350005406968 -350005406967 -43657899610 -43657899609 -1538486962 -1538486961 9020803298 9020803299 10394371442 10394371443 9097913907 9097913908 6033429065 6033429066 3194380929 3194380930 552913665 552913666 -1322930620 -1322930619 -2297151905 -2297151904 -2628672874 -2628672873 -2158082711 -2158082710 -1415731311 -1415731310 -408070814 -408070813 509618694 509618695 1152621842 1152621843 1523060440 1523060441 1404997804 1404997805 1056633425 1056633426 408740444 408740445 -280872002 -280872001 -864328466 -864328465 -1298564572 -1298564571 -1318381737 -1318381736 -1118027483 -1118027482 -532639779 -532639778 187729838 187729839 915586668 915586669 1592364521 1592364522 1792353422 1792353423 1747210165 1747210166 1001816981 1001816982 -135080184 -135080183 -1649333931 -1649333930 -3678237100 -3678237099 -5191603054 -5191603053 -7400338274 -7400338273 -7924282829 -7924282828 47559575442 47559575443 -8326533672 -8326533671 -8532444504 -8532444503 -5949707884 -5949707883 -4779187290 -4779187289 -1789528233 -1789528232 434085623 434085624 2045797199 2045797200 6010254974 6010254975 241642060504 241642060505
-1 1 -1 1 -1 1 -1 1 -1 1 -1 1 -1 1 -1 1 -1 1 -1 1 -1 1 -1 1 -1 1 -1 1 -1 1 -1 1 -1 1 -1 1 -1 1 -1 1 -1 1 -1 1 -1 1 -1 1 -1 1 -1 1 -1 1 -1 1 -1 1 -1 1 -1 1 -1 1 -1 1 -1 1 -1 1 -1 1 -1 1 -1 1 -1 1 -1 1 -1 1 -1 1 -1 1 -1 1 -1 1 -1 1 -1 1 -1 1 -1 1 -1 1 -1 1
-734436606333 -734436606332 -502625624864 -502625624863 282842991197 282842991198 34644456645 34644456646 678705500 678705501 -7715415960 -7715415959 -8632225944 -8632225943 -7414697055 -7414697054 -4796760404 -4796760403 -2405495826 -2405495825 -240211511 -240211510 1265961448 1265961449 1988701116 1988701117 2175117587 2175117588 1704612057 1704612058 1026219515 1026219516 171260554 171260555 -582342463 -582342462 -1061983394 -1061983393 -1297339115 -1297339114 -1114691440 -1114691439 -744542490 -744542489 -160799203 -160799202 432451654 432451655 876135321 876135322 1164146778 1164146779 1068174838 1068174839 773021971 773021972 185150661 185150662 -497549691 -497549690 -1085339071 -1085339070 -1573360815 -1573360814 -1542087782 -1542087781 -1214929156 -1214929155 -261944604 -261944603 1133585742 1133585743 2700370743 2700370744 4828346583 4828346584 6149223837 6149223838 8184673629 8184673630 -38440097169 -38440097168 9274074404 9274074405 7594629950 7594629951 6948826334 6948826335 3889078167 3889078168 1516968325 1516968326 -1509033519 -1509033518 -5435854418 -5435854417 -6033472503 -6033472502 -13717282216 -13717282215 -507550410299 -507550410298
-1 1 -1 1 -1 1 -1 1 -1 1 -1 1 -1 1 -1 1 -1 1 -1 1 -1 1 -1 1 -1 1 -1 1 -1 1 -1 1 -1 1 -1 1 -1 1 -1 1 -1 1 -1 1 -1 1 -1 1 -1 1 -1 1 -1 1 -1 1 -1 1 -1 1 -1 1 -1 1 -1 1 -1 1 -1 1 -1 1 -1 1 -1 1 -1 1 -1 1 -1 1 -1 1 -1 1 -1 1 -1 1 -1 1 -1 1 -1 1 -1 1 -1 1 -1 1
-734436606333 -734436606332 -502625624864 -502625624863 282842991197 282842991198 34644456645 34644456646 678705500 678705501 -7715415960 -7715415959 -8632225944 -8632225943 -7414697055 -7414697054 -4796760404 -4796760403 -2405495826 -2405495825 -240211511 -240211510 1265961448 1265961449 1988701116 1988701117 2175117587 2175117588 1704612057 1704612058 1026219515 1026219516 171260554 171260555 -582342463 -582342462 -1061983394 -1061983393 -1297339115 -1297339114 -1114691440 -1114691439 -744542490 -744542489 -160799203 -160799202 432451654 432451655 876135321 876135322 1164146778 1164146779 1068174838 1068174839 773021971 773021972 185150661 185150662 -497549691 -497549690 -1085339071 -1085339070 -1573360815 -1573360814 -1542087782 -1542087781 -1214929156 -1214929155 -261944604 -261944603 1133585742 1133585743 2700370743 2700370744 4828346583 4828346584 6149223837 6149223838 8184673629 8184673630 -38440097169 -38440097168 9274074404 9274074405 7594629950 7594629951 6948826334 6948826335 3889078167 3889078168 1516968325 1516968326 -1509033519 -1509033518 -5435854418 -5435854417 -6033472503 -6033472502 -13717282216 -13717282215 -507550410299 -507550410298
-1 1 -1 1 -1 1 -1 1 -1 1 -1 1 -1 1 -1 1 -1 1 -1 1 -1 1 -1 1 -1 1 -1 1 -1 1 -1 1 -1 1 -1 1 -1 1 -1 1 -1 1 -1 1 -1 1 -1 1 -1 1 -1 1 -1 1 -1 1 -1 1 -1 1 -1 1 -1 1 -1 1 -1 1 -1 1 -1 1 -1 1 -1 1 -1 1 -1 1 -1 1 -1 1 -1 1 -1 1 -1 1 -1 1 -1 1 -1 1 -1 1 -1 1 -1 1
752900664659 752900664660 262154761356 262154761357 -146071046902 -146071046901 -17015351534 -17015351533 426097049 426097050 4567982188 4567982189 4774070262 4774070263 3910511120 3910511121 2364054563 2364054564 996691964 996691965 -161583678 -161583677 -923425221 -923425220 -1205341142 -1205341141 -1187329518 -1187329517 -819597920 -819597919 -361724023 -361724022 133297021 133297022 535477465 535477466 723947726 723947727 753074563 753074564 536160127 536160128 221855716 221855717 -159793321 -159793320 -510561535 -510561534 -693156182 -693156181 -744892954 -744892953 -532027703 -532027702 -187426101 -187426100 274642520 274642521 760341553 760341554 1043753124 1043753125 1180791295 1180791296 851754188 851754189 208041828 208041829 -841086569 -841086568 -2339036844 -2339036843 -3709803227 -3709803226 -5646235664 -5646235663 -6545611095 -6545611094 38829100117 38829100118 -7771448694 -7771448693 -8223615530 -8223615529 -6262044391 -6262044390 -5076270446 -5076270445 -2048841771 -2048841770 816720256 816720257 3464053428 3464053429 7961237485 7961237486 7801375328 7801375329 16830188872 16830188873 609817935486 609817935487
-1 1 -1 1 -1 1 -1 1 -1 1 -1 1 -1 1 -1 1 -1 1 -1 1 -1 1 -1 1 -1 1 -1 1 -1 1 -1 1 -1 1 -1 1 -1 1 -1 1 -1 1 -1 1 -1 1 -1 1 -1 1 -1 1 -1 1 -1 1 -1 1 -1 1 -1 1 -1 1 -1 1 -1 1 -1 1 -1 1 -1 1 -1 1 -1 1 -1 1 -1 1 -1 1 -1 1 -1 1 -1 1 -1 1 -1 1 -1 1 -1 1 -1 1 -1 1
752900664659 752900664660 262154761356 262154761357 -146071046902 -146071046901 -17015351534 -17015351533 426097049 426097050 4567982188 4567982189 4774070262 4774070263 3910511120 3910511121 2364054563 2364054564 996691964 996691965 -161583678 -161583677 -923425221 -923425220 -1205341142 -1205341141 -1187329518 -1187329517 -819597920 -819597919 -361724023 -361724022 133297021 133297022 535477465 535477466 723947726 723947727 753074563 753074564 536160127 536160128 221855716 221855717 -159793321 -159793320 -510561535 -510561534 -693156182 -693156181 -744892954 -744892953 -532027703 -532027702 -187426101 -187426100 274642520 274642521 760341553 760341554 1043753124 1043753125 1180791295 1180791296 851754188 851754189 208041828 208041829 -841086569 -841086568 -2339036844 -2339036843 -3709803227 -3709803226 -5646235664 -5646235663 -6545611095 -6545611094 38829100117 38829100118 -7771448694 -7771448693 -8223615530 -8223615529 -6262044391 -6262044390 -5076270446 -5076270445 -2048841771 -2048841770 816720256 816720257 3464053428 3464053429 7961237485 7961237486 7801375328 7801375329 16830188872 16830188873 609817935486 609817935487
-1 1 -1 1 -1 1 -1 1 -1 1 -1 1 -1 1 -1 1 -1 1 -1 1 -1 1 -1 1 -1 1 -1 1 -1 1 -1 1 -1 1 -1 1 -1 1 -1 1 -1 1 -1 1 -1 1 -1 1 -1 1 -1 1 -1 1 -1 1 -1 1 -1 1 -1 1 -1 1 -1 1 -1 1 -1 1 -1 1 -1 1 -1 1 -1 1 -1 1 -1 1 -1 1 -1 1 -1 1 -1 1 -1 1 -1 1 -1 1 -1 1 -1 1 -1 1
-575709093029 -575709093028 38197215854 38197215855 -24103196378 -24103196377 -4525431264 -4525431263 -1449522932 -1449522931 -384724408 -384724407 175207865 175207866 493922613 493922614 618822285 618822286 650495263 650495264 534062349 534062350 372691419 372691420 143444799 143444800 -80451317 -80451316 -264416571 -264416570 -397929287 -397929286 -416449363 -416449362 -369413909 -369413908 -215690864 -215690863 -23531105 -23531104 183495728 183495729 372855586 372855587 460824885 460824886 479807032 479807033 344728522 344728523 129961948 129961949 -166430348 -166430347 -494776332 -494776331 -722342885 -722342884 -884497301 -884497300 -758586135 -758586134 -446920373 -446920372 188351748 188351749 1128394047 1128394048 2146043359 2146043360 3580687378 3580687379 4546106861 4546106862 6044568199 6044568200 -33461779220 -33461779219 7337522362 7337522363 6545158371 6545158372 6467135267 6467135268 4516736506 4516736507 3124280801 3124280802 579980667 579980668 -2105754513 -2105754512 -4046551095 -4046551094 -8064415435 -8064415434 -7448422372 -7448422371 -15609866150 -15609866149 -558630495210 -558630495209
-1 1 -1 1 -1 1 -1 1 -1 1 -1 1 -1 1 -1 1 -1 1 -1 1 -1 1 -1 1 -1 1 -1 1 -1 1 -1 1 -1 1 -1 1 -1 1 -1 1 -1 1 -1 1 -1 1 -1 1 -1 1 -1 1 -1 1 -1 1 -1 1 -1 1 -1 1 -1 1 -1 1 -1 1 -1 1 -1 1 -1 1 -1 1 -1 1 -1 1 -1 1 -1 1 -1 1 -1 1 -1 1 -1 1 -1 1 -1 1 -1 1 -1 1 -1 1
-575709093029 -575709093028 38197215854 38197215855 -24103196378 -24103196377 -4525431264 -4525431263 -1449522932 -1449522931 -384724408 -384724407 175207865 175207866 493922613 493922614 618822285 618822286 650495263 650495264 534062349 534062350 372691419 372691420 143444799 143444800 -80451317 -80451316 -264416571 -264416570 -397929287 -397929286 -416449363 -416449362 -369413909 -369413908 -215690864 -215690863 -23531105 -23531104 183495728 183495729 372855586 372855587 460824885 460824886 479807032 479807033 344728522 344728523 129961948 129961949 -166430348 -166430347 -494776332 -494776331 -722342885 -722342884 -884497301 -884497300 -758586135 -758586134 -446920373 -446920372 188351748 188351749 1128394047 1128394048 2146043359 2146043360 3580687378 3580687379 4546106861 4546106862 6044568199 6044568200 -33461779220 -33461779219 7337522362 7337522363 6545158371 6545158372 6467135267 6467135268 4516736506 4516736507 3124280801 3124280802 579980667 579980668 -2105754513 -2105754512 -4046551095 -4046551094 -8064415435 -8064415434 -7448422372 -7448422371 -15609866150 -15609866149 -558630495210 -558630495209
-1 1 -1 1 -1 1 -1 1 -1 1 -1 1 -1 1 -1 1 -1 1 -1 1 -1 1 -1 1 -1 1 -1 1 -1 1 -1 1 -1 1 -1 1 -1 1 -1 1 -1 1 -1 1 -1 1 -1 1 -1 1 -1 1 -1 1 -1 1 -1 1 -1 1 -1 1 -1 1 -1 1 -1 1 -1 1 -1 1 -1 1 -1 1 -1 1 -1 1 -1 1 -1 1 -1 1 -1 1 -1 1 -1 1 -1 1 -1 1 -1 1 -1 1 -1 1
289588776229 289588776230 -321111171858 -321111171857 183783472361 183783472362 24367853869 24367853870 2079423394 2079423395 -3792358455 -3792358454 -4960089445 -4960089444 -4669415283 -4669415282 -3377032383 -3377032382 -2096877962 -2096877961 -763284467 -763284466 262226446 262226447 936333056 936333057 1307880845 1307880846 1266374082 1266374083 1047693550 1047693551 591061681 591061682 110100287 110100288 -346499711 -346499710 -713306258 -713306257 -860738820 -860738819 -878908818 -878908817 -648932661 -648932660 -325016169 -325016168 103888673 103888674 544722895 544722896 859808646 859808647 1095350276 1095350277 1020285050 1020285051 790017662 790017663 233231127 233231128 -537309159 -537309158 -1421602805 -1421602804 -2580456871 -2580456870 -3441761331 -3441761330 -4663411007 -4663411006 -5090791438 -5090791437 34100505162 34100505163 -5680015716 -5680015715 -5947610176 -5947610175 -4829281814 -4829281813 -4305607545 -4305607544 -2613916765 -2613916764 -1309337306 -1309337305 440278636 440278637 2432167979 2432167980 3485198062 3485198063 6252775315 6252775316 5469932384 5469932385 11126881890 11126881891 392846047099 392846047100
-1 1 -1 1 -1 1 -1 1 -1 1 -1 1 -1 1 -1 1 -1 1 -1 1 -1 1 -1 1 -1 1 -1 1 -1 1 -1 1 -1 1 -1 1 -1 1 -1 1 -1 1 -1 1 -1 1 -1 1 -1 1 -1 1 -1 1 -1 1 -1 1 -1 1 -1 1 -1 1 -1 1 -1 1 -1 1 -1 1 -1 1 -1 1 -1 1 -1 1 -1 1 -1 1 -1 1 -1 1 -1 1 -1 1 -1 1 -1 1 -1 1 -1 1 -1 1
289588776229 289588776230 -321111171858 -321111171857 183783472361 183783472362 24367853869 24367853870 2079423394 2079423395 -3792358455 -3792358454 -4960089445 -4960089444 -4669415283 -4669415282 -3377032383 -3377032382 -2096877962 -2096877961 -763284467 -763284466 262226446 262226447 936333056 936333057 1307880845 1307880846 1266374082 1266374083 1047693550 1047693551 591061681 591061682 110100287 110100288 -346499711 -346499710 -713306258 -713306257 -860738820 -860738819 -878908818 -878908817 -648932661 -648932660 -325016169 -325016168 103888673 103888674 544722895 544722896 859808646 859808647 1095350276 1095350277 1020285050 1020285051 790017662 790017663 233231127 233231128 -537309159 -537309158 -1421602805 -1421602804 -2580456871 -2580456870 -3441761331 -3441761330 -4663411007 -4663411006 -5090791438 -5090791437 34100505162 34100505163 -5680015716 -5680015715 -5947610176 -5947610175 -4829281814 -4829281813 -4305607545 -4305607544 -2613916765 -2613916764 -1309337306 -1309337305 440278636 440278637 2432167979 2432167980 3485198062 3485198063 6252775315 6252775316 5469932384 5469932385 11126881890 11126881891 392846047099 392846047100
-1 1 -1 1 -1 1 -1 1 -1 1 -1 1 -1 1 -1 1 -1 1 -1 1 -1 1 -1 1 -1 1 -1 1 -1 1 -1 1 -1 1 -1 1 -1 1 -1 1 -1 1 -1 1 -1 1 -1 1 -1 1 -1 1 -1 1 -1 1 -1 1 -1 1 -1 1 -1 1 -1 1 -1 1 -1 1 -1 1 -1 1 -1 1 -1 1 -1 1 -1 1 -1 1 -1 1 -1 1 -1 1 -1 1 -1 1 -1 1 -1 1 -1 1 -1 1
30319227304 30319227305 515685817955 515685817956 -292865162967 -292865162966 -37476034099 -37476034098 -2111282880 -2111282879 6948816466 6948816467 8397342981 8397342982 7571553872 7571553873 5210343231 5210343232 2963641155 2963641156 773776961 773776962 -838645093 -838645092 -1773704246 -1773704245 -2190157673 -2190157672 -1929950495 -1929950494 -1412516115 -1412516114 -597783344 -597783343 193795905 193795906 833777492 833777493 1278048514 1278048515 1321927172 1321927173 1155790311 1155790312 656345719 656345720 59606418 59606419 -562982368 -562982367 -1125548931 -1125548930 -1374888921 -1374888920 -1443691103 -1443691102 -1051217479 -1051217478 -429960642 -429960641 490560564 490560565 1639076532 1639076533 2656897010 2656897011 3909903929 3909903930 4511124052 4511124053 5407507105 5407507106 -29568440793 -29568440792 5516484184 5516484185 4629146954 4629146955 4234590725 4234590726 2926742939 2926742940 2092090112 2092090113 825218584 825218585 -179986337 -179986336 -1007476196 -1007476195 -2027695882 -2027695881 -2183574583 -2183574582 -3324000144 -3324000143 -2606485563 -2606485562 -4942773952 -4942773951 -168546739756 -168546739755
-1 1 -1 1 -1 1 -1 1 -1 1 -1 1 -1 1 -1 1 -1 1 -1 1 -1 1 -1 1 -1 1 -1 1 -1 1 -1 1 -1 1 -1 1 -1 1 -1 1 -1 1 -1 1 -1 1 -1 1 -1 1 -1 1 -1 1 -1 1 -1 1 -1 1 -1 1 -1 1 -1 1 -1 1 -1 1 -1 1 -1 1 -1 1 -1 1 -1 1 -1 1 -1 1 -1 1 -1 1 -1 1 -1 1 -1 1 -1 1 -1 1 -1 1 -1 1
30319227304 30319227305 515685817955 515685817956 -292865162967 -292865162966 -37476034099 -37476034098 -2111282880 -2111282879 6948816466 6948816467 8397342981 8397342982 7571553872 7571553873 5210343231 5210343232 2963641155 2963641156 773776961 773776962 -838645093 -838645092 -1773704246 -1773704245 -2190157673 -2190157672 -1929950495 -1929950494 -1412516115 -1412516114 -597783344 -597783343 193795905 193795906 833777492 833777493 1278048514 1278048515 1321927172 1321927173 1155790311 1155790312 656345719 656345720 59606418 59606419 -562982368 -562982367 -1125548931 -1125548930 -1374888921 -1374888920 -1443691103 -1443691102 -1051217479 -1051217478 -429960642 -429960641 490560564 490560565 1639076532 1639076533 2656897010 2656897011 3909903929 3909903930 4511124052 4511124053 5407507105 5407507106 -29568440793 -29568440792 5516484184 5516484185 4629146954 4629146955 4234590725 4234590726 2926742939 2926742940 2092090112 2092090113 825218584 825218585 -179986337 -179986336 -1007476196 -1007476195 -2027695882 -2027695881 -2183574583 -2183574582 -3324000144 -3324000143 -2606485563 -2606485562 -4942773952 -4942773951 -168546739756 -168546739755
-1 1 -1 1 -1 1 -1 1 -1 1 -1 1 -1 1 -1 1 -1 1 -1 1 -1 1 -1 1 -1 1 -1 1 -1 1 -1 1 -1 1 -1 1 -1 1 -1 1 -1 1 -1 1 -1 1 -1 1 -1 1 -1 1 -1 1 -1 1 -1 1 -1 1 -1 1 -1 1 -1 1 -1 1 -1 1 -1 1 -1 1 -1 1 -1 1 -1 1 -1 1 -1 1 -1 1 -1 1 -1 1 -1 1 -1 1 -1 1 -1 1 -1 1 -1 1
-290722530766 -290722530765 -575473761289 -575473761288 325258685059 325258685060 40684967323 40684967324 1511972470 1511972471 -8347470565 -8347470564 -9672667323 -9672667322 -8505425420 -8505425419 -5673091992 -5673091991 -3032497133 -3032497132 -552165644 -552165643 1227211282 1227211283 2171950819 2171950820 2514223789 2514223790 2089390610 2089390611 1394324998 1394324999 423734458 423734459 -479077574 -479077573 -1133891045 -1133891044 -1533066266 -1533066265 -1446982116 -1446982115 -1120658585 -1120658584 -461949271 -461949270 272089387 272089388 934808686 934808687 1473737935 1473737936 1571642414 1571642415 1417275892 1417275893 748306233 748306234 -193897230 -193897229 -1336499109 -1336499108 -2707453245 -2707453244 -3706116552 -3706116551 -4902564523 -4902564522 -5175925419 -5175925418 29412836303 29412836304 -5026043979 -5026043978 -4696885267 -4696885266 -3388885682 -3388885681 -2481571632 -2481571631 -1141943840 -1141943839 -159254834 -159254833 614099664 614099665 1213399180 1213399181 1178097277 1178097278 1203534707 1203534708 612278518 612278519 161738741 161738742 -342035197 -342035196 -1278138885 -1278138884 -54842916918 -54842916917
-1 1 -1 1 -1 1 -1 1 -1 1 -1 1 -1 1 -1 1 -1 1 -1 1 -1 1 -1 1 -1 1 -1 1 -1 1 -1 1 -1 1 -1 1 -1 1 -1 1 -1 1 -1 1 -1 1 -1 1 -1 1 -1 1 -1 1 -1 1 -1 1 -1 1 -1 1 -1 1 -1 1 -1 1 -1 1 -1 1 -1 1 -1 1 -1 1 -1 1 -1 1 -1 1 -1 1 -1 1 -1 1 -1 1 -1 1 -1 1 -1 1 -1 1 -1 1
-290722530766 -290722530765 -575473761289 -575473761288 325258685059 325258685060 40684967323 40684967324 1511972470 1511972471 -8347470565 -8347470564 -9672667323 -9672667322 -8505425420 -8505425419 -5673091992 -5673091991 -3032497133 -3032497132 -552165644 -552165643 1227211282 1227211283 2171950819 2171950820 2514223789 2514223790 2089390610 2089390611 1394324998 1394324999 423734458 423734459 -479077574 -479077573 -1133891045 -1133891044 -1533066266 -1533066265 -1446982116 -1446982115 -1120658585 -1120658584 -461949271 -461949270 272089387 272089388 934808686 934808687 1473737935 1473737936 1571642414 1571642415 1417275892 1417275893 748306233 748306234 -193897230 -193897229 -1336499109 -1336499108 -2707453245 -2707453244 -3706116552 -3706116551 -4902564523 -4902564522 -5175925419 -5175925418 29412836303 29412836304 -5026043979 -5026043978 -4696885267 -4696885266 -3388885682 -3388885681 -2481571632 -2481571631 -1141943840 -1141943839 -159254834 -159254833 614099664 614099665 1213399180 1213399181 1178097277 1178097278 1203534707 1203534708 612278518 612278519 161738741 161738742 -342035197 -342035196 -1278138885 -1278138884 -54842916918 -54842916917
-1 1 -1 1 -1 1 -1 1 -1 1 -1 1 -1 1 -1 1 -1 1 -1 1 -1 1 -1 1 -1 1 -1 1 -1 1 -1 1 -1 1 -1 1 -1 1 -1 1 -1 1 -1 1 -1 1 -1 1 -1 1 -1 1 -1 1 -1 1 -1 1 -1 1 -1 1 -1 1 -1 1 -1 1 -1 1 -1 1 -1 1 -1 1 -1 1 -1 1 -1 1 -1 1 -1 1 -1 1 -1 1 -1 1 -1 1 -1 1 -1 1 -1 1 -1 1
443583780638 443583780639 489713549089 489713549090 -275211512574 -275211512573 -33475220059 -33475220058 -434518406 -434518405 7702177069 7702177070 8535644200 8535644201 7293833881 7293833882 4683736672 4683736673 2301269031 2301269032 153291636 153291637 -1340739656 -1340739655 -2044184062 -2044184061 -2210310379 -2210310378 -1710944361 -1710944360 -998226515 -998226514 -108543026 -108543025 680401309 680401310 1176332403 1176332404 1415117605 1415117606 1199514296 1199514297 771354711 771354712 100754321 100754322 -600037421 -600037420 -1131846650 -1131846649 -1494159747 -1494159746 -1374308717 -1374308716 -971001341 -971001340 -113965107 -113965106 1025548016 1025548017 2203980580 2203980581 3599377093 3599377094 4419089736 4419089737 5409805182 5409805183 -25721174562 -25721174561 5451229862 5451229863 4415912315 4415912316 3650845836 3650845837 2139121689 2139121690 939803236 939803237 -277911369 -277911368 -1243929748 -1243929747 -1548121294 -1548121293 -1738285711 -1738285710 -1050231758 -1050231757 -275411007 -275411006 798315199 798315200 2461589755 2461589756 2693158469 2693158470 6134575885 6134575886 227589035008 227589035009
-1 1 -1 1 -1 1 -1 1 -1 1 -1 1 -1 1 -1 1 -1 1 -1 1 -1 1 -1 1 -1 1 -1 1 -1 1 -1 1 -1 1 -1 1 -1 1 -1 1 -1 1 -1 1 -1 1 -1 1 -1 1 -1 1 -1 1 -1 1 -1 1 -1 1 -1 1 -1 1 -1 1 -1 1 -1 1 -1 1 -1 1 -1 1 -1 1 -1 1 -1 1 -1 1 -1 1 -1 1 -1 1 -1 1 -1 1 -1 1 -1 1 -1 1 -1 1
443583780638 443583780639 489713549089 489713549090 -275211512574 -275211512573 -33475220059 -33475220058 -434518406 -434518405 7702177069 7702177070 8535644200 8535644201 7293833881 7293833882 4683736672 4683736673 2301269031 2301269032 153291636 153291637 -1340739656 -1340739655 -2044184062 -2044184061 -2210310379 -2210310378 -1710944361 -1710944360 -998226515 -998226514 -108543026 -108543025 680401309 680401310 1176332403 1176332404 1415117605 1415117606 1199514296 1199514297 771354711 771354712 100754321 100754322 -600037421 -600037420 -1131846650 -1131846649 -1494159747 -1494159746 -1374308717 -1374308716 -971001341 -971001340 -113965107 -113965106 1025548016 1025548017 2203980580 2203980581 3599377093 3599377094 4419089736 4419089737 5409805182 5409805183 -25721174562 -25721174561 5451229862 5451229863 4415912315 4415912316 3650845836 3650845837 2139121689 2139121690 939803236 939803237 -277911369 -277911368 -1243929748 -1243929747 -1548121294 -1548121293 -1738285711 -1738285710 -1050231758 -1050231757 -275411007 -275411006 798315199 798315200 2461589755 2461589756 2693158469 2693158470 6134575885 6134575886 227589035008 227589035009
-1 1 -1 1 -1 1 -1 1 -1 1 -1 1 -1 1 -1 1 -1 1 -1 1 -1 1 -1 1 -1 1 -1 1 -1 1 -1 1 -1 1 -1 1 -1 1 -1 1 -1 1 -1 1 -1 1 -1 1 -1 1 -1 1 -1 1 -1 1 -1 1 -1 1 -1 1 -1 1 -1 1 -1 1 -1 1 -1 1 -1 1 -1 1 -1 1 -1 1 -1 1 -1 1 -1 1 -1 1 -1 1 -1 1 -1 1 -1 1 -1 1 -1 1 -1 1
-457576564220 -457576564219 -285003323106 -285003323105 158175229342 158175229343 18033238278 18033238279 -821494260 -821494259 -5234239667 -5234239666 -5345783550 -5345783549 -4307816819 -4307816818 -2536763865 -2536763864 -980619905 -980619904 313411881 313411882 1153487200 1153487201 1431750977 1431750978 1366330832 1366330833 899558168 899558169 331006883 331006884 -264401654 -264401653 -744554241 -744554240 -947934097 -947934096 -949854195 -949854194 -636101530 -636101529 -188986666 -188986665 341167709 341167710 840888400 840888401 1093396944 1093396945 1154353581 1154353582 787634864 787634865 148580955 148580956 -777222463 -777222462 -1961383196 -1961383195 -2983263332 -2983263331 -4202905526 -4202905525 -4708971975 -4708971974 25953320402 25953320403 -4970011240 -4970011239 -4743572569 -4743572568 -3516231846 -3516231845 -2514693700 -2514693699 -1033316897 -1033316896 213561344 213561345 1184195907 1184195908 1993096642 1993096643 1924373342 1924373343 1784071225 1784071226 740912050 740912051 -499932787 -499932786 -1741603940 -1741603939 -4032472615 -4032472614 -4011293727 -4011293726 -8753049476 -8753049475 -319028332327 -319028332326
-1 1 -1 1 -1 1 -1 1 -1 1 -1 1 -1 1 -1 1 -1 1 -1 1 -1 1 -1 1 -1 1 -1 1 -1 1 -1 1 -1 1 -1 1 -1 1 -1 1 -1 1 -1 1 -1 1 -1 1 -1 1 -1 1 -1 1 -1 1 -1 1 -1 1 -1 1 -1 1 -1 1 -1 1 -1 1 -1 1 -1 1 -1 1 -1 1 -1 1 -1 1 -1 1 -1 1 -1 1 -1 1 -1 1 -1 1 -1 1 -1 1 -1 1 -1 1
-457576564220 -457576564219 -285003323106 -285003323105 158175229342 158175229343 18033238278 18033238279 -821494260 -821494259 -5234239667 -5234239666 -5345783550 -5345783549 -4307816819 -4307816818 -2536763865 -2536763864 -980619905 -980619904 313411881 313411882 1153487200 1153487201 1431750977 1431750978 1366330832 1366330833 899558168 899558169 331006883 331006884 -264401654 -264401653 -744554241 -744554240 -947934097 -947934096 -949854195 -949854194 -636101530 -636101529 -188986666 -188986665 341167709 341167710 840888400 840888401 1093396944 1093396945 1154353581 1154353582 787634864 787634865 148580955 148580956 -777222463 -777222462 -1961383196 -1961383195 -2983263332 -2983263331 -4202905526 -4202905525 -4708971975 -4708971974 25953320402 25953320403 -4970011240 -4970011239 -4743572569 -4743572568 -3516231846 -3516231845 -2514693700 -2514693699 -1033316897 -1033316896 213561344 213561345 1184195907 1184195908 1993096642 1993096643 1924373342 1924373343 1784071225 1784071226 740912050 740912051 -499932787 -499932786 -1741603940 -1741603939 -4032472615 -4032472614 -4011293727 -4011293726 -8753049476 -8753049475 -319028332327 -319028332326
-1 1 -1 1 -1 1 -1 1 -1 1 -1 1 -1 1 -1 1 -1 1 -1 1 -1 1 -1 1 -1 1 -1 1 -1 1 -1 1 -1 1 -1 1 -1 1 -1 1 -1 1 -1 1 -1 1 -1 1 -1 1 -1 1 -1 1 -1 1 -1 1 -1 1 -1 1 -1 1 -1 1 -1 1 -1 1 -1 1 -1 1 -1 1 -1 1 -1 1 -1 1 -1 1 -1 1 -1 1 -1 1 -1 1 -1 1 -1 1 -1 1 -1 1 -1 1
354270752118 354270752119 17248181964 17248181965 -6141903466 -6141903465 1400434628 1400434629 1893500151 1893500152 1601012643 1601012644 962223559 962223560 355276587 355276588 -183860785 -183860784 -566239774 -566239773 -713853919 -713853918 -706670488 -706670487 -491061006 -491061005 -202380846 -202380845 130295086 130295087 427514350 427514351 589515783 589515784 643590702 643590703 495661208 495661209 245185983 245185984 -107252220 -107252219 -480567442 -480567441 -745427967 -745427966 -915232954 -915232953 -797363510 -797363509 -490069938 -490069937 104943968 104943969 926368407 926368408 1792294907 1792294908 2868014333 2868014334 3573023147 3573023148 4453648448 4453648449 -23552234734 -23552234733 4835857871 4835857872 4169231290 4169231291 3682550628 3682550629 2453768342 2453768343 1422702789 1422702790 177129062 177129063 -897911811 -897911810 -1543579921 -1543579920 -2099685659 -2099685658 -1794813113 -1794813112 -1450902808 -1450902807 -364361440 -364361439 965157859 965157860 2079317090 2079317091 4367465898 4367465899 4166307465 4166307466 8903215789 8903215790 321582735957 321582735958
-1 1 -1 1 -1 1 -1 1 -1 1 -1 1 -1 1 -1 1 -1 1 -1 1 -1 1 -1 1 -1 1 -1 1 -1 1 -1 1 -1 1 -1 1 -1 1 -1 1 -1 1 -1 1 -1 1 -1 1 -1 1 -1 1 -1 1 -1 1 -1 1 -1 1 -1 1 -1 1 -1 1 -1 1 -1 1 -1 1 -1 1 -1 1 -1 1 -1 1 -1 1 -1 1 -1 1 -1 1 -1 1 -1 1 -1 1 -1 1 -1 1 -1 1 -1 1
354270752118 354270752119 17248181964 17248181965 -6141903466 -6141903465 1400434628 1400434629 1893500151 1893500152 1601012643 1601012644 962223559 962223560 355276587 355276588 -183860785 -183860784 -566239774 -566239773 -713853919 -713853918 -706670488 -706670487 -491061006 -491061005 -202380846 -202380845 130295086 130295087 427514350 427514351 589515783 589515784 643590702 643590703 495661208 495661209 245185983 245185984 -107252220 -107252219 -480567442 -480567441 -745427967 -745427966 -915232954 -915232953 -797363510 -797363509 -490069938 -490069937 104943968 104943969 926368407 926368408 1792294907 1792294908 2868014333 2868014334 3573023147 3573023148 4453648448 4453648449 -23552234734 -23552234733 4835857871 4835857872 4169231290 4169231291 3682550628 3682550629 2453768342 2453768343 1422702789 1422702790 177129062 177129063 -897911811 -897911810 -1543579921 -1543579920 -2099685659 -2099685658 -1794813113 -1794813112 -1450902808 -1450902807 -364361440 -364361439 965157859 965157860 2079317090 2079317091 4367465898 4367465899 4166307465 4166307466 8903215789 8903215790 321582735957 321582735958
-1 1 -1 1 -1 1 -1 1 -1 1 -1 1 -1 1 -1 1 -1 1 -1 1 -1 1 -1 1 -1 1 -1 1 -1 1 -1 1 -1 1 -1 1 -1 1 -1 1 -1 1 -1 1 -1 1 -1 1 -1 1 -1 1 -1 1 -1 1 -1 1 -1 1 -1 1 -1 1 -1 1 -1 1 -1 1 -1 1 -1 1 -1 1 -1 1 -1 1 -1 1 -1 1 -1 1 -1 1 -1 1 -1 1 -1 1 -1 1 -1 1 -1 1 -1 1
-169160811157 -169160811156 243720838385 243720838386 -141164467271 -141164467270 -19703063994 -19703063993 -2460126969 -2460126968 2281097462 2281097463 3489730304 3489730305 3539279793 3539279794 2764456540 2764456541 1923653812 1923653813 927331754 927331755 99140408 99140409 -547006237 -547006236 -987187865 -987187864 -1111427990 -1111427989 -1072496883 -1072496882 -767819040 -767819039 -383714121 -383714120 83702058 83702059 534360086 534360087 847745600 847745601 1061512051 1061512052 989274179 989274180 765954625 765954626 264995942 264995943 -403250023 -403250022 -1160105018 -1160105017 -2077013866 -2077013865 -2767139038 -2767139037 -3607553823 -3607553822 -3897066222 -3897066221 24053143557 24053143558 -4040794950 -4040794949 -3916047314 -3916047313 -3081068801 -3081068800 -2440852291 -2440852290 -1373437659 -1373437658 -487877776 -487877775 381330198 381330199 1129388677 1129388678 1428891437 1428891438 1692481792 1692481793 1294991979 1294991980 885487842 885487843 14651887 14651888 -1074514070 -1074514069 -1842287193 -1842287192 -3601097312 -3601097311 -3316166352 -3316166351 -6954532916 -6954532915 -249096136553 -249096136552
-1 1 -1 1 -1 1 -1 1 -1 1 -1 1 -1 1 -1 1 -1 1 -1 1 -1 1 -1 1 -1 1 -1 1 -1 1 -1 1 -1 1 -1 1 -1 1 -1 1 -1 1 -1 1 -1 1 -1 1 -1 1 -1 1 -1 1 -1 1 -1 1 -1 1 -1 1 -1 1 -1 1 -1 1 -1 1 -1 1 -1 1 -1 1 -1 1 -1 1 -1 1 -1 1 -1 1 -1 1 -1 1 -1 1 -1 1 -1 1 -1 1 -1 1 -1 1
-169160811157 -169160811156 243720838385 243720838386 -141164467271 -141164467270 -19703063994 -19703063993 -2460126969 -2460126968 2281097462 2281097463 3489730304 3489730305 3539279793 3539279794 2764456540 2764456541 1923653812 1923653813 927331754 927331755 99140408 99140409 -547006237 -547006236 -987187865 -987187864 -1111427990 -1111427989 -1072496883 -1072496882 -767819040 -767819039 -383714121 -383714120 83702058 83702059 534360086 534360087 847745600 847745601 1061512051 1061512052 989274179 989274180 765954625 765954626 264995942 264995943 -403250023 -403250022 -1160105018 -1160105017 -2077013866 -2077013865 -2767139038 -2767139037 -3607553823 -3607553822 -3897066222 -3897066221 24053143557 24053143558 -4040794950 -4040794949 -3916047314 -3916047313 -3081068801 -3081068800 -2440852291 -2440852290 -1373437659 -1373437658 -487877776 -487877775 381330198 381330199 1129388677 1129388678 1428891437 1428891438 1692481792 1692481793 1294991979 1294991980 885487842 885487843 14651887 14651888 -1074514070 -1074514069 -1842287193 -1842287192 -3601097312 -3601097311 -3316166352 -3316166351 -6954532916 -6954532915 -249096136553 -249096136552
-1 1 -1 1 -1 1 -1 1 -1 1 -1 1 -1 1 -1 1 -1 1 -1 1 -1 1 -1 1 -1 1 -1 1 -1 1 -1 1 -1 1 -1 1 -1 1 -1 1 -1 1 -1 1 -1 1 -1 1 -1 1 -1 1 -1 1 -1 1 -1 1 -1 1 -1 1 -1 1 -1 1 -1 1 -1 1 -1 1 -1 1 -1 1 -1 1 -1 1 -1 1 -1 1 -1 1 -1 1 -1 1 -1 1 -1 1 -1 1 -1 1 -1 1 -1 1
-34192555664 -34192555663 -432598140260 -432598140259 246801428745 246801428746 32236165392 32236165393 2336134822 2336134823 -5471104827 -5471104826 -6911269740 -6911269739 -6403405658 -6403405657 -4550633800 -4550633799 -2735753727 -2735753726 -881978442 -881978441 534573058 534573059 1434358854 1434358855 1908645541 1908645542 1793186257 1793186258 1428600337 1428600338 735234176 735234177 7458371 7458372 -664359292 -664359291 -1205696936 -1205696935 -1399151321 -1399151320 -1390530673 -1390530672 -975828124 -975828123 -373324134 -373324133 442261920 442261921 1390572102 1390572103 2205493554 2205493555 3111102928 3111102929 3540669215 3540669216 4064738675 4064738676 -21861163469 -21861163468 3909615108 3909615109 3252242556 3252242557 2788599282 2788599283 1892683648 1892683649 1208774877 1208774878 412380926 412380927 -212456256 -212456255 -649340014 -649340013 -1001530764 -1001530763 -988854878 -988854877 -976286293 -976286292 -607611592 -607611591 -249691238 -249691237 245005570 245005571 879583601 879583602 1193175201 1193175202 2103663765 2103663766 1826693686 1826693687 3702671429 3702671430 130529842152 130529842153
-1 1 -1 1 -1 1 -1 1 -1 1 -1 1 -1 1 -1 1 -1 1 -1 1 -1 1 -1 1 -1 1 -1 1 -1 1 -1 1 -1 1 -1 1 -1 1 -1 1 -1 1 -1 1 -1 1 -1 1 -1 1 -1 1 -1 1 -1 1 -1 1 -1 1 -1 1 -1 1 -1 1 -1 1 -1 1 -1 1 -1 1 -1 1 -1 1 -1 1 -1 1 -1 1 -1 1 -1 1 -1 1 -1 1 -1 1 -1 1 -1 1 -1 1 -1 1
-34192555664 -34192555663 -432598140260 -432598140259 246801428745 246801428746 32236165392 32236165393 2336134822 2336134823 -5471104827 -5471104826 -6911269740 -6911269739 -6403405658 -6403405657 -4550633800 -4550633799 -2735753727 -2735753726 -881978442 -881978441 534573058 534573059 1434358854 1434358855 1908645541 1908645542 1793186257 1793186258 1428600337 1428600338 735234176 735234177 7458371 7458372 -664359292 -664359291 -1205696936 -1205696935 -1399151321 -1399151320 -1390530673 -1390530672 -975828124 -975828123 -373324134 -373324133 442261920 442261921 1390572102 1390572103 2205493554 2205493555 3111102928 3111102929 3540669215 3540669216 4064738675 4064738676 -21861163469 -21861163468 3909615108 3909615109 3252242556 3252242557 2788599282 2788599283 1892683648 1892683649 1208774877 1208774878 412380926 412380927 -212456256 -212456255 -649340014 -649340013 -1001530764 -1001530763 -988854878 -988854877 -976286293 -976286292 -607611592 -607611591 -249691238 -249691237 245005570 245005571 879583601 879583602 1193175201 1193175202 2103663765 2103663766 1826693686 1826693687 3702671429 3702671430 130529842152 130529842153
-1 1 -1 1 -1 1 -1 1 -1 1 -1 1 -1 1 -1 1 -1 1 -1 1 -1 1 -1 1 -1 1 -1 1 -1 1 -1 1 -1 1 -1 1 -1 1 -1 1 -1 1 -1 1 -1 1 -1 1 -1 1 -1 1 -1 1 -1 1 -1 1 -1 1 -1 1 -1 1 -1 1 -1 1 -1 1 -1 1 -1 1 -1 1 -1 1 -1 1 -1 1 -1 1 -1 1 -1 1 -1 1 -1 1 -1 1 -1 1 -1 1 -1 1 -1 1
205886755164 205886755165 505191964260 505191964261 -286011467397 -286011467396 -36038127893 -36038127892 -1530372169 -1530372168 7234542492 7234542493 8504867596 8504867597 7562526635 7562526636 5115016107 5115016108 2800367556 2800367557 577398361 577398362 -1053885352 -1053885351 -1965173009 -1965173008 -2341431007 -2341431006 -2005069334 -2005069333 -1396568729 -1396568728 -482612045 -482612044 411947295 411947296 1117980440 1117980441 1608369193 1608369194 1615191985 1615191986 1356149932 1356149933 659015266 659015267 -237015739 -237015738 -1233152026 -1233152025 -2324120371 -2324120370 -3075208433 -3075208432 -3860844680 -3860844679 -3987938984 -3987938983 21893623300 21893623301 -3638277212 -3638277211 -3239456813 -3239456812 -2336638740 -2336638739 -1641043630 -1641043629 -788296180 -788296179 -156968141 -156968140 323517513 323517514 644144002 644144003 677683534 677683535 653037900 653037901 405757671 405757672 179173672 179173673 -80171201 -80171200 -311137376 -311137375 -385628332 -385628331 -496056329 -496056328 -364971721 -364971720 -356897506 -356897505 -154749876 -154749875 -121563428 -121563427 -1030675917 -1030675916
-1 1 -1 1 -1 1 -1 1 -1 1 -1 1 -1 1 -1 1 -1 1 -1 1 -1 1 -1 1 -1 1 -1 1 -1 1 -1 1 -1 1 -1 1 -1 1 -1 1 -1 1 -1 1 -1 1 -1 1 -1 1 -1 1 -1 1 -1 1 -1 1 -1 1 -1 1 -1 1 -1 1 -1 1 -1 1 -1 1 -1 1 -1 1 -1 1 -1 1 -1 1 -1 1 -1 1 -1 1 -1 1 -1 1 -1 1 -1 1 -1 1 -1 1 -1 1
205886755164 205886755165 505191964260 505191964261 -286011467397 -286011467396 -36038127893 -36038127892 -1530372169 -1530372168 7234542492 7234542493 8504867596 8504867597 7562526635 7562526636 5115016107 5115016108 2800367556 2800367557 577398361 577398362 -1053885352 -1053885351 -1965173009 -1965173008 -2341431007 -2341431006 -2005069334 -2005069333 -1396568729 -1396568728 -482612045 -482612044 411947295 411947296 1117980440 1117980441 1608369193 1608369194 1615191985 1615191986 1356149932 1356149933 659015266 659015267 -237015739 -237015738 -1233152026 -1233152025 -2324120371 -2324120370 -3075208433 -3075208432 -3860844680 -3860844679 -3987938984 -3987938983 21893623300 21893623301 -3638277212 -3638277211 -3239456813 -3239456812 -2336638740 -2336638739 -1641043630 -1641043629 -788296180 -788296179 -156968141 -156968140 323517513 323517514 644144002 644144003 677683534 677683535 653037900 653037901 405757671 405757672 179173672 179173673 -80171201 -80171200 -311137376 -311137375 -385628332 -385628331 -496056329 -496056328 -364971721 -364971720 -356897506 -356897505 -154749876 -154749875 -121563428 -121563427 -1030675917 -1030675916
-1 1 -1 1 -1 1 -1 1 -1 1 -1 1 -1 1 -1 1 -1 1 -1 1 -1 1 -1 1 -1 1 -1 1 -1 1 -1 1 -1 1 -1 1 -1 1 -1 1 -1 1 -1 1 -1 1 -1 1 -1 1 -1 1 -1 1 -1 1 -1 1 -1 1 -1 1 -1 1 -1 1 -1 1 -1 1 -1 1 -1 1 -1 1 -1 1 -1 1 -1 1 -1 1 -1 1 -1 1 -1 1 -1 1 -1 1 -1 1 -1 1 -1 1 -1 1
-300389673676 -300389673675 -448874046532 -448874046531 252086826422 252086826423 30532119793 30532119794 249127511 249127512 -7213620889 -7213620888 -7961518050 -7961518049 -6799976187 -6799976186 -4360230812 -4360230811 -2119683033 -2119683032 -87685649 -87685648 1342890060 1342890061 2023178396 2023178397 2190323164 2190323165 1698579734 1698579735 979708825 979708826 61787073 61787074 -783424554 -783424553 -1339992729 -1339992728 -1639257967 -1639257966 -1422538112 -1422538111 -925455071 -925455070 -56897256 -56897255 995510882 995510883 2002176630 2002176631 3071036069 3071036070 3641871087 3641871088 4215767525 4215767526 -19841677793 -19841677792 3911715479 3911715480 3108617339 3108617340 2437300682 2437300683 1432314800 1432314801 637854721 637854722 -85925898 -85925897 -594207358 -594207357 -775854747 -775854746 -815993020 -815993019 -542865916 -542865915 -231374873 -231374872 148106562 148106563 498647031 498647032 615629271 615629272 693439678 693439679 409211649 409211650 62246152 62246153 -406981918 -406981917 -1177894915 -1177894914 -1273193447 -1273193446 -2891632577 -2891632576 -107213730937 -107213730936
-1 1 -1 1 -1 1 -1 1 -1 1 -1 1 -1 1 -1 1 -1 1 -1 1 -1 1 -1 1 -1 1 -1 1 -1 1 -1 1 -1 1 -1 1 -1 1 -1 1 -1 1 -1 1 -1 1 -1 1 -1 1 -1 1 -1 1 -1 1 -1 1 -1 1 -1 1 -1 1 -1 1 -1 1 -1 1 -1 1 -1 1 -1 1 -1 1 -1 1 -1 1 -1 1 -1 1 -1 1 -1 1 -1 1 -1 1 -1 1 -1 1 -1 1 -1 1
-300389673676 -300389673675 -448874046532 -448874046531 252086826422 252086826423 30532119793 30532119794 249127511 249127512 -7213620889 -7213620888 -7961518050 -7961518049 -6799976187 -6799976186 -4360230812 -4360230811 -2119683033 -2119683032 -87685649 -87685648 1342890060 1342890061 2023178396 2023178397 2190323164 2190323165 1698579734 1698579735 979708825 979708826 61787073 61787074 -783424554 -783424553 -1339992729 -1339992728 -1639257967 -1639257966 -1422538112 -1422538111 -925455071 -925455070 -56897256 -56897255 995510882 995510883 2002176630 2002176631 3071036069 3071036070 3641871087 3641871088 4215767525 4215767526 -19841677793 -19841677792 3911715479 3911715480 3108617339 3108617340 2437300682 2437300683 1432314800 1432314801 637854721 637854722 -85925898 -85925897 -594207358 -594207357 -775854747 -775854746 -815993020 -815993019 -542865916 -542865915 -231374873 -231374872 148106562 148106563 498647031 498647032 615629271 615629272 693439678 693439679 409211649 409211650 62246152 62246153 -406981918 -406981917 -1177894915 -1177894914 -1273193447 -1273193446 -2891632577 -2891632576 -107213730937 -107213730936
-1 1 -1 1 -1 1 -1 1 -1 1 -1 1 -1 1 -1 1 -1 1 -1 1 -1 1 -1 1 -1 1 -1 1 -1 1 -1 1 -1 1 -1 1 -1 1 -1 1 -1 1 -1 1 -1 1 -1 1 -1 1 -1 1 -1 1 -1 1 -1 1 -1 1 -1 1 -1 1 -1 1 -1 1 -1 1 -1 1 -1 1 -1 1 -1 1 -1 1 -1 1 -1 1 -1 1 -1 1 -1 1 -1 1 -1 1 -1 1 -1 1 -1 1 -1 1
306578301558 306578301559 284389879360 284389879361 -157289588403 -157289588402 -17577929018 -17577929017 1157360869 1157360870 5496719234 5496719235 5516100153 5516100154 4392982761 4392982762 2532181008 2532181009 894936402 894936403 -456583966 -456583965 -1335513427 -1335513426 -1605914194 -1605914193 -1504987373 -1504987372 -957217171 -957217170 -283556443 -283556442 424373753 424373754 1015780300 1015780301 1270135234 1270135235 1273157433 1273157434 835959526 835959527 151908218 151908219 -749968037 -749968036 -1799768536 -1799768535 -2647385181 -2647385180 -3536161743 -3536161742 -3838528424 -3838528423 20036757853 20036757854 -3717681861 -3717681860 -3339616919 -3339616918 -2408750725 -2408750724 -1613292419 -1613292418 -652842341 -652842340 107531362 107531363 645606024 645606025 992449986 992449987 939631778 939631779 772526722 772526723 327909244 327909245 -139243219 -139243218 -545301183 -545301182 -923012726 -923012725 -907221391 -907221390 -849500383 -849500382 -340673021 -340673020 299634852 299634853 942471974 942471975 2167009947 2167009948 2157744016 2157744017 4717368196 4717368197 172140423426 172140423427
-1 1 -1 1 -1 1 -1 1 -1 1 -1 1 -1 1 -1 1 -1 1 -1 1 -1 1 -1 1 -1 1 -1 1 -1 1 -1 1 -1 1 -1 1 -1 1 -1 1 -1 1 -1 1 -1 1 -1 1 -1 1 -1 1 -1 1 -1 1 -1 1 -1 1 -1 1 -1 1 -1 1 -1 1 -1 1 -1 1 -1 1 -1 1 -1 1 -1 1 -1 1 -1 1 -1 1 -1 1 -1 1 -1 1 -1 1 -1 1 -1 1 -1 1 -1 1
306578301558 306578301559 284389879360 284389879361 -157289588403 -157289588402 -17577929018 -17577929017 1157360869 1157360870 5496719234 5496719235 5516100153 5516100154 4392982761 4392982762 2532181008 2532181009 894936402 894936403 -456583966 -456583965 -1335513427 -1335513426 -1605914194 -1605914193 -1504987373 -1504987372 -957217171 -957217170 -283556443 -283556442 424373753 424373754 1015780300 1015780301 1270135234 1270135235 1273157433 1273157434 835959526 835959527 151908218 151908219 -749968037 -749968036 -1799768536 -1799768535 -2647385181 -2647385180 -3536161743 -3536161742 -3838528424 -3838528423 20036757853 20036757854 -3717681861 -3717681860 -3339616919 -3339616918 -2408750725 -2408750724 -1613292419 -1613292418 -652842341 -652842340 107531362 107531363 645606024 645606025 992449986 992449987 939631778 939631779 772526722 772526723 327909244 327909245 -139243219 -139243218 -545301183 -545301182 -923012726 -923012725 -907221391 -907221390 -849500383 -849500382 -340673021 -340673020 299634852 299634853 942471974 942471975 2167009947 2167009948 2157744016 2157744017 4717368196 4717368197 172140423426 172140423427
-1 1 -1 1 -1 1 -1 1 -1 1 -1 1 -1 1 -1 1 -1 1 -1 1 -1 1 -1 1 -1 1 -1 1 -1 1 -1 1 -1 1 -1 1 -1 1 -1 1 -1 1 -1 1 -1 1 -1 1 -1 1 -1 1 -1 1 -1 1 -1 1 -1 1 -1 1 -1 1 -1 1 -1 1 -1 1 -1 1 -1 1 -1 1 -1 1 -1 1 -1 1 -1 1 -1 1 -1 1 -1 1 -1 1 -1 1 -1 1 -1 1 -1 1 -1 1
-229348106464 -229348106463 -58910387699 -58910387698 28784853166 28784853167 877981249 877981250 -2291178139 -2291178138 -2574684593 -2574684592 -1862467437 -1862467436 -1020230230 -1020230229 -143183508 -143183507 532201746 532201747 902909868 902909869 1029744307 1029744308 821207413 821207414 463333755 463333756 -26975731 -26975730 -510837716 -510837715 -845716403 -845716402 -1036716090 -1036716089 -903244298 -903244297 -565285011 -565285010 47204568 47204569 837137225 837137226 1634762136 1634762137 2533118906 2533118907 3087045864 3087045865 3675756338 3675756339 -18668935857 -18668935856 3681514451 3681514452 3080221060 3080221061 2551235959 2551235960 1637740240 1637740241 864236792 864236793 70932262 70932263 -546712094 -546712093 -876382698 -876382697 -1055527907 -1055527906 -858247955 -858247954 -581599529 -581599528 -105788636 -105788635 379087948 379087949 722684423 722684424 1043898170 1043898171 934492557 934492558 788305744 788305745 217385394 217385395 -510773599 -510773598 -1151182647 -1151182646 -2464573739 -2464573738 -2378683470 -2378683469 -5119340699 -5119340698 -185538442347 -185538442346
-1 1 -1 1 -1 1 -1 1 -1 1 -1 1 -1 1 -1 1 -1 1 -1 1 -1 1 -1 1 -1 1 -1 1 -1 1 -1 1 -1 1 -1 1 -1 1 -1 1 -1 1 -1 1 -1 1 -1 1 -1 1 -1 1 -1 1 -1 1 -1 1 -1 1 -1 1 -1 1 -1 1 -1 1 -1 1 -1 1 -1 1 -1 1 -1 1 -1 1 -1 1 -1 1 -1 1 -1 1 -1 1 -1 1 -1 1 -1 1 -1 1 -1 1 -1 1
-229348106464 -229348106463 -58910387699 -58910387698 28784853166 28784853167 877981249 877981250 -2291178139 -2291178138 -2574684593 -2574684592 -1862467437 -1862467436 -1020230230 -1020230229 -143183508 -143183507 532201746 532201747 902909868 902909869 1029744307 1029744308 821207413 821207414 463333755 463333756 -26975731 -26975730 -510837716 -510837715 -845716403 -845716402 -1036716090 -1036716089 -903244298 -903244297 -565285011 -565285010 47204568 47204569 837137225 837137226 1634762136 1634762137 2533118906 2533118907 3087045864 3087045865 3675756338 3675756339 -18668935857 -18668935856 3681514451 3681514452 3080221060 3080221061 2551235959 2551235960 1637740240 1637740241 864236792 864236793 70932262 70932263 -546712094 -546712093 -876382698 -876382697 -1055527907 -1055527906 -858247955 -858247954 -581599529 -581599528 -105788636 -105788635 379087948 379087949 722684423 722684424 1043898170 1043898171 934492557 934492558 788305744 788305745 217385394 217385395 -510773599 -510773598 -1151182647 -1151182646 -2464573739 -2464573738 -2378683470 -2378683469 -5119340699 -5119340698 -185538442347 -185538442346
-1 1 -1 1 -1 1 -1 1 -1 1 -1 1 -1 1 -1 1 -1 1 -1 1 -1 1 -1 1 -1 1 -1 1 -1 1 -1 1 -1 1 -1 1 -1 1 -1 1 -1 1 -1 1 -1 1 -1 1 -1 1 -1 1 -1 1 -1 1 -1 1 -1 1 -1 1 -1 1 -1 1 -1 1 -1 1 -1 1 -1 1 -1 1 -1 1 -1 1 -1 1 -1 1 -1 1 -1 1 -1 1 -1 1 -1 1 -1 1 -1 1 -1 1 -1 1
102670403778 102670403779 -167466663318 -167466663317 99127962701 99127962702 15079110498 15079110499 2819179649 2819179650 -799440655 -799440654 -2043466327 -2043466326 -2429584427 -2429584426 -2171537587 -2171537586 -1774528134 -1774528133 -1118764838 -1118764837 -488065259 -488065258 141921946 141921947 675647022 675647023 1003289035 1003289036 1192692945 1192692946 1076436545 1076436546 808984961 808984962 288547056 288547057 -363785428 -363785427 -1070977364 -1070977363 -1869601978 -1869601977 -2451253424 -2451253423 -3086714364 -3086714363 -3272187455 -3272187454 19134775656 19134775657 -3188170782 -3188170781 -2941634650 -2941634649 -2252875006 -2252875005 -1672359150 -1672359149 -895627876 -895627875 -260558179 -260558178 287302398 287302399 694972253 694972254 826421083 826421084 858481823 858481824 609402746 609402747 319589667 319589668 -71650227 -71650226 -460356692 -460356691 -683138802 -683138801 -891816229 -891816228 -740810429 -740810428 -564372927 -564372926 -78724675 -78724674 547058177 547058178 1039727389 1039727390 2117819535 2117819536 1995914794 1995914795 4242078351 4242078352 152891753708 152891753709
-1 1 -1 1 -1 1 -1 1 -1 1 -1 1 -1 1 -1 1 -1 1 -1 1 -1 1 -1 1 -1 1 -1 1 -1 1 -1 1 -1 1 -1 1 -1 1 -1 1 -1 1 -1 1 -1 1 -1 1 -1 1 -1 1 -1 1 -1 1 -1 1 -1 1 -1 1 -1 1 -1 1 -1 1 -1 1 -1 1 -1 1 -1 1 -1 1 -1 1 -1 1 -1 1 -1 1 -1 1 -1 1 -1 1 -1 1 -1 1 -1 1 -1 1 -1 1
102670403778 102670403779 -167466663318 -167466663317 99127962701 99127962702 15079110498 15079110499 2819179649 2819179650 -799440655 -799440654 -2043466327 -2043466326 -2429584427 -2429584426 -2171537587 -2171537586 -1774528134 -1774528133 -1118764838 -1118764837 -488065259 -488065258 141921946 141921947 675647022 675647023 1003289035 1003289036 1192692945 1192692946 1076436545 1076436546 808984961 808984962 288547056 288547057 -363785428 -363785427 -1070977364 -1070977363 -1869601978 -1869601977 -2451253424 -2451253423 -3086714364 -3086714363 -3272187455 -3272187454 19134775656 19134775657 -3188170782 -3188170781 -2941634650 -2941634649 -2252875006 -2252875005 -1672359150 -1672359149 -895627876 -895627875 -260558179 -260558178 287302398 287302399 694972253 694972254 826421083 826421084 858481823 858481824 609402746 609402747 319589667 319589668 -71650227 -71650226 -460356692 -460356691 -683138802 -683138801 -891816229 -891816228 -740810429 -740810428 -564372927 -564372926 -78724675 -78724674 547058177 547058178 1039727389 1039727390 2117819535 2117819536 1995914794 1995914795 4242078351 4242078352 152891753708 152891753709
-1 1 -1 1 -1 1 -1 1 -1 1 -1 1 -1 1 -1 1 -1 1 -1 1 -1 1 -1 1 -1 1 -1 1 -1 1 -1 1 -1 1 -1 1 -1 1 -1 1 -1 1 -1 1 -1 1 -1 1 -1 1 -1 1 -1 1 -1 1 -1 1 -1 1 -1 1 -1 1 -1 1 -1 1 -1 1 -1 1 -1 1 -1 1 -1 1 -1 1 -1 1 -1 1 -1 1 -1 1 -1 1 -1 1 -1 1 -1 1 -1 1 -1 1 -1 1
37669167939 37669167940 337909141035 337909141036 -194267383038 -194267383037 -26236349143 -26236349142 -2569847039 -2569847038 3807165376 3807165377 5236685068 5236685069 5094065316 5094065317 3823682660 3823682661 2504082101 2504082102 1029397469 1029397470 -175758758 -175758757 -1059684079 -1059684078 -1636533736 -1636533735 -1725126747 -1725126746 -1574247343 -1574247342 -1026567855 -1026567854 -340000771 -340000770 481721134 481721135 1356245504 1356245505 2056509896 2056509897 2766971987 2766971988 3064737070 3064737071 3380318167 3380318168 -17858952621 -17858952620 3066443106 3066443107 2509196542 2509196543 2063813650 2063813651 1376421043 1376421044 831542192 831542193 266937982 266937983 -160459808 -160459807 -438060689 -438060688 -616883570 -616883569 -586662978 -586662977 -510305580 -510305579 -285648243 -285648242 -57119190 -57119189 178104671 178104672 401447198 401447199 481802598 481802599 556272221 556272222 412719111 412719112 258345551 258345552 -42386030 -42386029 -434452708 -434452707 -693438348 -693438347 -1323995987 -1323995986 -1206134687 -1206134686 -2515824080 -2515824079 -89902777708 -89902777707
-1 1 -1 1 -1 1 -1 1 -1 1 -1 1 -1 1 -1 1 -1 1 -1 1 -1 1 -1 1 -1 1 -1 1 -1 1 -1 1 -1 1 -1 1 -1 1 -1 1 -1 1 -1 1 -1 1 -1 1 -1 1 -1 1 -1 1 -1 1 -1 1 -1 1 -1 1 -1 1 -1 1 -1 1 -1 1 -1 1 -1 1 -1 1 -1 1 -1 1 -1 1 -1 1 -1 1 -1 1 -1 1 -1 1 -1 1 -1 1 -1 1 -1 1 -1 1
37669167939 37669167940 337909141035 337909141036 -194267383038 -194267383037 -26236349143 -26236349142 -2569847039 -2569847038 3807165376 3807165377 5236685068 5236685069 5094065316 5094065317 3823682660 3823682661 2504082101 2504082102 1029397469 1029397470 -175758758 -175758757 -1059684079 -1059684078 -1636533736 -1636533735 -1725126747 -1725126746 -1574247343 -1574247342 -1026567855 -1026567854 -340000771 -340000770 481721134 481721135 1356245504 1356245505 2056509896 2056509897 2766971987 2766971988 3064737070 3064737071 3380318167 3380318168 -17858952621 -17858952620 3066443106 3066443107 2509196542 2509196543 2063813650 2063813651 1376421043 1376421044 831542192 831542193 266937982 266937983 -160459808 -160459807 -438060689 -438060688 -616883570 -616883569 -586662978 -586662977 -510305580 -510305579 -285648243 -285648242 -57119190 -57119189 178104671 178104672 401447198 401447199 481802598 481802599 556272221 556272222 412719111 412719112 258345551 258345552 -42386030 -42386029 -434452708 -434452707 -693438348 -693438347 -1323995987 -1323995986 -1206134687 -1206134686 -2515824080 -2515824079 -89902777708 -89902777707
-1 1 -1 1 -1 1 -1 1 -1 1 -1 1 -1 1 -1 1 -1 1 -1 1 -1 1 -1 1 -1 1 -1 1 -1 1 -1 1 -1 1 -1 1 -1 1 -1 1 -1 1 -1 1 -1 1 -1 1 -1 1 -1 1 -1 1 -1 1 -1 1 -1 1 -1 1 -1 1 -1 1 -1 1 -1 1 -1 1 -1 1 -1 1 -1 1 -1 1 -1 1 -1 1 -1 1 -1 1 -1 1 -1 1 -1 1 -1 1 -1 1 -1 1 -1 1
-149631917744 -149631917743 -413332745031 -413332745030 234786772605 234786772606 30014396466 30014396467 1586613496 1586613497 -5765656135 -5765656134 -6984344503 -6984344502 -6354812450 -6354812449 -4422262951 -4422262950 -2538381870 -2538381869 -641021148 -641021147 820465195 820465196 1725351914 1725351915 2192871281 2192871282 2009438888 2009438889 1536866760 1536866761 665272574 665272575 -317470710 -317470709 -1291373036 -1291373035 -2251025756 -2251025755 -2840680183 -2840680182 -3382287928 -3382287927 -3379710598 -3379710597 17982895481 17982895482 -2877483145 -2877483144 -2462342085 -2462342084 -1752679004 -1752679003 -1194332393 -1194332392 -582572710 -582572709 -136050476 -136050475 191810377 191810378 394807411 394807412 428020709 428020710 403848912 403848913 264749187 264749188 126437060 126437061 -25744532 -25744531 -152115690 -152115689 -211018198 -211018197 -251710094 -251710093 -202437386 -202437385 -153876470 -153876469 -52463973 -52463972 45326662 45326663 124709997 124709998 232455049 232455050 241358323 241358324 356668280 356668281 272241087 272241088 505186731 505186732 17016116242 17016116243
-1 1 -1 1 -1 1 -1 1 -1 1 -1 1 -1 1 -1 1 -1 1 -1 1 -1 1 -1 1 -1 1 -1 1 -1 1 -1 1 -1 1 -1 1 -1 1 -1 1 -1 1 -1 1 -1 1 -1 1 -1 1 -1 1 -1 1 -1 1 -1 1 -1 1 -1 1 -1 1 -1 1 -1 1 -1 1 -1 1 -1 1 -1 1 -1 1 -1 1 -1 1 -1 1 -1 1 -1 1 -1 1 -1 1 -1 1 -1 1 -1 1 -1 1 -1 1
-149631917744 -149631917743 -413332745031 -413332745030 234786772605 234786772606 30014396466 30014396467 1586613496 1586613497 -5765656135 -5765656134 -6984344503 -6984344502 -6354812450 -6354812449 -4422262951 -4422262950 -2538381870 -2538381869 -641021148 -641021147 820465195 820465196 1725351914 1725351915 2192871281 2192871282 2009438888 2009438889 1536866760 1536866761 665272574 665272575 -317470710 -317470709 -1291373036 -1291373035 -2251025756 -2251025755 -2840680183 -2840680182 -3382287928 -3382287927 -3379710598 -3379710597 17982895481 17982895482 -2877483145 -2877483144 -2462342085 -2462342084 -1752679004 -1752679003 -1194332393 -1194332392 -582572710 -582572709 -136050476 -136050475 191810377 191810378 394807411 394807412 428020709 428020710 403848912 403848913 264749187 264749188 126437060 126437061 -25744532 -25744531 -152115690 -152115689 -211018198 -211018197 -251710094 -251710093 -202437386 -202437385 -153876470 -153876469 -52463973 -52463972 45326662 45326663 124709997 124709998 232455049 232455050 241358323 241358324 356668280 356668281 272241087 272241088 505186731 505186732 17016116242 17016116243
-1 1 -1 1 -1 1 -1 1 -1 1 -1 1 -1 1 -1 1 -1 1 -1 1 -1 1 -1 1 -1 1 -1 1 -1 1 -1 1 -1 1 -1 1 -1 1 -1 1 -1 1 -1 1 -1 1 -1 1 -1 1 -1 1 -1 1 -1 1 -1 1 -1 1 -1 1 -1 1 -1 1 -1 1 -1 1 -1 1 -1 1 -1 1 -1 1 -1 1 -1 1 -1 1 -1 1 -1 1 -1 1 -1 1 -1 1 -1 1 -1 1 -1 1 -1 1
210069871921 210069871922 381428577571 381428577572 -214227583266 -214227583265 -25912510530 -25912510529 -121563062 -121563061 6283050518 6283050519 6954201999 6954202000 5980884605 5980884606 3865777424 3865777425 1885478483 1885478484 42716559 42716560 -1306417763 -1306417762 -1994051463 -1994051462 -2217313724 -2217313723 -1778125793 -1778125792 -1059017460 -1059017459 -29996731 -29996730 1073975744 1073975745 2022620303 2022620304 2915642542 2915642543 3308452839 3308452840 3628971995 3628971996 -16624961415 -16624961414 3089973043 3089973044 2385193447 2385193448 1787785190 1787785191 1034133375 1034133376 455015810 455015811 -30441821 -30441820 -345854580 -345854579 -458389375 -458389374 -466201971 -466201970 -318723432 -318723431 -149804084 -149804083 40643880 40643881 196260205 196260206 259178998 259178999 277679523 277679524 185295299 185295300 72025509 72025510 -68819613 -68819612 -204732390 -204732389 -248879116 -248879115 -278184982 -278184981 -160352517 -160352516 -11997386 -11997385 184081156 184081157 515512410 515512411 552889717 552889718 1252558625 1252558626 46405217601 46405217602
-1 1 -1 1 -1 1 -1 1 -1 1 -1 1 -1 1 -1 1 -1 1 -1 1 -1 1 -1 1 -1 1 -1 1 -1 1 -1 1 -1 1 -1 1 -1 1 -1 1 -1 1 -1 1 -1 1 -1 1 -1 1 -1 1 -1 1 -1 1 -1 1 -1 1 -1 1 -1 1 -1 1 -1 1 -1 1 -1 1 -1 1 -1 1 -1 1 -1 1 -1 1 -1 1 -1 1 -1 1 -1 1 -1 1 -1 1 -1 1 -1 1 -1 1 -1 1
210069871921 210069871922 381428577571 381428577572 -214227583266 -214227583265 -25912510530 -25912510529 -121563062 -121563061 6283050518 6283050519 6954201999 6954202000 5980884605 5980884606 3865777424 3865777425 1885478483 1885478484 42716559 42716560 -1306417763 -1306417762 -1994051463 -1994051462 -2217313724 -2217313723 -1778125793 -1778125792 -1059017460 -1059017459 -29996731 -29996730 1073975744 1073975745 2022620303 2022620304 2915642542 2915642543 3308452839 3308452840 3628971995 3628971996 -16624961415 -16624961414 3089973043 3089973044 2385193447 2385193448 1787785190 1787785191 1034133375 1034133376 455015810 455015811 -30441821 -30441820 -345854580 -345854579 -458389375 -458389374 -466201971 -466201970 -318723432 -318723431 -149804084 -149804083 40643880 40643881 196260205 196260206 259178998 259178999 277679523 277679524 185295299 185295300 72025509 72025510 -68819613 -68819612 -204732390 -204732389 -248879116 -248879115 -278184982 -278184981 -160352517 -160352516 -11997386 -11997385 184081156 184081157 515512410 515512411 552889717 552889718 1252558625 1252558626 46405217601 46405217602
-1 1 -1 1 -1 1 -1 1 -1 1 -1 1 -1 1 -1 1 -1 1 -1 1 -1 1 -1 1 -1 1 -1 1 -1 1 -1 1 -1 1 -1 1 -1 1 -1 1 -1 1 -1 1 -1 1 -1 1 -1 1 -1 1 -1 1 -1 1 -1 1 -1 1 -1 1 -1 1 -1 1 -1 1 -1 1 -1 1 -1 1 -1 1 -1 1 -1 1 -1 1 -1 1 -1 1 -1 1 -1 1 -1 1 -1 1 -1 1 -1 1 -1 1 -1 1
-206237531222 -206237531221 -258132991952 -258132991951 142230037652 142230037653 15523134528 15523134529 -1429979873 -1429979872 -5332492909 -5332492908 -5271346435 -5271346434 -4164704985 -4164704984 -2354541289 -2354541288 -736949630 -736949629 613898264 613898265 1523858205 1523858206 1810600335 1810600336 1705267654 1705267655 1072027248 1072027249 219647407 219647408 -780793245 -780793244 -1819730933 -1819730932 -2577011770 -2577011769 -3269118475 -3269118474 -3412082018 -3412082017 16806507970 16806507971 -3023263118 -3023263117 -2576191138 -2576191137 -1794020816 -1794020815 -1135974572 -1135974571 -441175075 -441175074 76781631 76781632 412502865 412502866 592922718 592922719 544169396 544169397 416749117 416749118 171180773 171180774 -69132017 -69132016 -259225634 -259225633 -396646490 -396646489 -380223127 -380223126 -313314413 -313314412 -124899719 -124899718 83308759 83308760 265466760 265466761 440915754 440915755 431293988 431293989 400796457 400796458 153269803 153269804 -165478605 -165478604 -481516694 -481516693 -1095754763 -1095754762 -1088095370 -1088095369 -2377089132 -2377089131 -86728124334 -86728124333
-1 1 -1 1 -1 1 -1 1 -1 1 -1 1 -1 1 -1 1 -1 1 -1 1 -1 1 -1 1 -1 1 -1 1 -1 1 -1 1 -1 1 -1 1 -1 1 -1 1 -1 1 -1 1 -1 1 -1 1 -1 1 -1 1 -1 1 -1 1 -1 1 -1 1 -1 1 -1 1 -1 1 -1 1 -1 1 -1 1 -1 1 -1 1 -1 1 -1 1 -1 1 -1 1 -1 1 -1 1 -1 1 -1 1 -1 1 -1 1 -1 1 -1 1 -1 1
-206237531222 -206237531221 -258132991952 -258132991951 142230037652 142230037653 15523134528 15523134529 -1429979873 -1429979872 -5332492909 -5332492908 -5271346435 -5271346434 -4164704985 -4164704984 -2354541289 -2354541288 -736949630 -736949629 613898264 613898265 1523858205 1523858206 1810600335 1810600336 1705267654 1705267655 1072027248 1072027249 219647407 219647408 -780793245 -780793244 -1819730933 -1819730932 -2577011770 -2577011769 -3269118475 -3269118474 -3412082018 -3412082017 16806507970 16806507971 -3023263118 -3023263117 -2576191138 -2576191137 -1794020816 -1794020815 -1135974572 -1135974571 -441175075 -441175074 76781631 76781632 412502865 412502866 592922718 592922719 544169396 544169397 416749117 416749118 171180773 171180774 -69132017 -69132016 -259225634 -259225633 -396646490 -396646489 -380223127 -380223126 -313314413 -313314412 -124899719 -124899718 83308759 83308760 265466760 265466761 440915754 440915755 431293988 431293989 400796457 400796458 153269803 153269804 -165478605 -165478604 -481516694 -481516693 -1095754763 -1095754762 -1088095370 -1088095369 -2377089132 -2377089131 -86728124334 -86728124333
-1 1 -1 1 -1 1 -1 1 -1 1 -1 1 -1 1 -1 1 -1 1 -1 1 -1 1 -1 1 -1 1 -1 1 -1 1 -1 1 -1 1 -1 1 -1 1 -1 1 -1 1 -1 1 -1 1 -1 1 -1 1 -1 1 -1 1 -1 1 -1 1 -1 1 -1 1 -1 1 -1 1 -1 1 -1 1 -1 1 -1 1 -1 1 -1 1 -1 1 -1 1 -1 1 -1 1 -1 1 -1 1 -1 1 -1 1 -1 1 -1 1 -1 1 -1 1
149863470858 149863470859 81572735542 81572735543 -40949531598 -40949531597 -1984535275 -1984535274 2636726846 2636726847 3232243822 3232243823 2455708127 2455708128 1447164448 1447164449 323754376 323754377 -587661338 -587661337 -1152139517 -1152139516 -1414455116 -1414455115 -1215259841 -1215259840 -768105947 -768105946 -35556254 -35556253 822937255 822937256 1629365838 1629365839 2445255488 2445255489 2890956320 2890956321 3291861116 3291861117 -15915834409 -15915834408 3035989548 3035989549 2452438287 2452438288 1925176971 1925176972 1186408718 1186408719 579002652 579002653 22134981 22134982 -375960419 -375960418 -564178266 -564178265 -628340924 -628340923 -487190755 -487190754 -296139348 -296139347 -33992863 -33992862 207040502 207040503 358682382 358682383 455695003 455695004 386943734 386943735 273016409 273016410 54692474 54692475 -179141155 -179141154 -353635732 -353635731 -521660230 -521660229 -474894432 -474894431 -406900302 -406900301 -115619121 -115619120 262471178 262471179 601230083 601230084 1296719002 1296719003 1257431190 1257431191 2714128350 2714128351 98506293034 98506293035
-1 1 -1 1 -1 1 -1 1 -1 1 -1 1 -1 1 -1 1 -1 1 -1 1 -1 1 -1 1 -1 1 -1 1 -1 1 -1 1 -1 1 -1 1 -1 1 -1 1 -1 1 -1 1 -1 1 -1 1 -1 1 -1 1 -1 1 -1 1 -1 1 -1 1 -1 1 -1 1 -1 1 -1 1 -1 1 -1 1 -1 1 -1 1 -1 1 -1 1 -1 1 -1 1 -1 1 -1 1 -1 1 -1 1 -1 1 -1 1 -1 1 -1 1 -1 1
149863470858 149863470859 81572735542 81572735543 -40949531598 -40949531597 -1984535275 -1984535274 2636726846 2636726847 3232243822 3232243823 2455708127 2455708128 1447164448 1447164449 323754376 323754377 -587661338 -587661337 -1152139517 -1152139516 -1414455116 -1414455115 -1215259841 -1215259840 -768105947 -768105946 -35556254 -35556253 822937255 822937256 1629365838 1629365839 2445255488 2445255489 2890956320 2890956321 3291861116 3291861117 -15915834409 -15915834408 3035989548 3035989549 2452438287 2452438288 1925176971 1925176972 1186408718 1186408719 579002652 579002653 22134981 22134982 -375960419 -375960418 -564178266 -564178265 -628340924 -628340923 -487190755 -487190754 -296139348 -296139347 -33992863 -33992862 207040502 207040503 358682382 358682383 455695003 455695004 386943734 386943735 273016409 273016410 54692474 54692475 -179141155 -179141154 -353635732 -353635731 -521660230 -521660229 -474894432 -474894431 -406900302 -406900301 -115619121 -115619120 262471178 262471179 601230083 601230084 1296719002 1296719003 1257431190 1257431191 2714128350 2714128351 98506293034 98506293035
-1 1 -1 1 -1 1 -1 1 -1 1 -1 1 -1 1 -1 1 -1 1 -1 1 -1 1 -1 1 -1 1 -1 1 -1 1 -1 1 -1 1 -1 1 -1 1 -1 1 -1 1 -1 1 -1 1 -1 1 -1 1 -1 1 -1 1 -1 1 -1 1 -1 1 -1 1 -1 1 -1 1 -1 1 -1 1 -1 1 -1 1 -1 1 -1 1 -1 1 -1 1 -1 1 -1 1 -1 1 -1 1 -1 1 -1 1 -1 1 -1 1 -1 1 -1 1
-59865050380 -59865050379 99455023503 99455023504 -61615163393 -61615163392 -10951785203 -10951785202 -3151218158 -3151218157 -543780992 -543780991 735628391 735628392 1441905404 1441905405 1681003086 1681003087 1728466652 1728466653 1415097278 1415097279 981922252 981922253 327921700 327921701 -400145587 -400145586 -1122421434 -1122421433 -1870359857 -1870359856 -2369403282 -2369403281 -2861867507 -2861867506 -2943315167 -2943315166 16396880113 16396880114 -2673882618 -2673882617 -2362720254 -2362720253 -1755529986 -1755529985 -1239166360 -1239166359 -635539681 -635539680 -159752033 -159752032 215309616 215309617 465093014 465093015 528081043 528081044 508227048 508227049 341014890 341014891 151623115 151623116 -63121590 -63121589 -251123093 -251123092 -343714605 -343714604 -392168643 -392168642 -303870446 -303870445 -183778300 -183778299 5696980 5696981 204380599 204380600 334314967 334314968 459335545 459335546 397550088 397550089 318954645 318954646 63187360 63187361 -270698895 -270698894 -548670313 -548670312 -1143502758 -1143502757 -1091076417 -1091076416 -2335238951 -2335238950 -84438652172 -84438652171
-1 1 -1 1 -1 1 -1 1 -1 1 -1 1 -1 1 -1 1 -1 1 -1 1 -1 1 -1 1 -1 1 -1 1 -1 1 -1 1 -1 1 -1 1 -1 1 -1 1 -1 1 -1 1 -1 1 -1 1 -1 1 -1 1 -1 1 -1 1 -1 1 -1 1 -1 1 -1 1 -1 1 -1 1 -1 1 -1 1 -1 1 -1 1 -1 1 -1 1 -1 1 -1 1 -1 1 -1 1 -1 1 -1 1 -1 1 -1 1 -1 1 -1 1 -1 1
-59865050380 -59865050379 99455023503 99455023504 -61615163393 -61615163392 -10951785203 -10951785202 -3151218158 -3151218157 -543780992 -543780991 735628391 735628392 1441905404 1441905405 1681003086 1681003087 1728466652 1728466653 1415097278 1415097279 981922252 981922253 327921700 327921701 -400145587 -400145586 -1122421434 -1122421433 -1870359857 -1870359856 -2369403282 -2369403281 -2861867507 -2861867506 -2943315167 -2943315166 16396880113 16396880114 -2673882618 -2673882617 -2362720254 -2362720253 -1755529986 -1755529985 -1239166360 -1239166359 -635539681 -635539680 -159752033 -159752032 215309616 215309617 465093014 465093015 528081043 528081044 508227048 508227049 341014890 341014891 151623115 151623116 -63121590 -63121589 -251123093 -251123092 -343714605 -343714604 -392168643 -392168642 -303870446 -303870445 -183778300 -183778299 5696980 5696981 204380599 204380600 334314967 334314968 459335545 459335546 397550088 397550089 318954645 318954646 63187360 63187361 -270698895 -270698894 -548670313 -548670312 -1143502758 -1143502757 -1091076417 -1091076416 -2335238951 -2335238950 -84438652172 -84438652171
-1 1 -1 1 -1 1 -1 1 -1 1 -1 1 -1 1 -1 1 -1 1 -1 1 -1 1 -1 1 -1 1 -1 1 -1 1 -1 1 -1 1 -1 1 -1 1 -1 1 -1 1 -1 1 -1 1 -1 1 -1 1 -1 1 -1 1 -1 1 -1 1 -1 1 -1 1 -1 1 -1 1 -1 1 -1 1 -1 1 -1 1 -1 1 -1 1 -1 1 -1 1 -1 1 -1 1 -1 1 -1 1 -1 1 -1 1 -1 1 -1 1 -1 1 -1 1
-32914025839 -32914025838 -239042165907 -239042165906 139402498183 139402498184 19964818909 19964818910 2808783776 2808783777 -2080406294 -2080406293 -3513989747 -3513989746 -3780872774 -3780872773 -3149878168 -3149878167 -2380345911 -2380345910 -1306033539 -1306033538 -289914214 -289914213 683692060 683692061 1572458896 1572458897 2180211459 2180211460 2730961475 2730961476 2877913364 2877913365 3017664667 3017664668 -15589037262 -15589037261 2539227275 2539227276 2025849461 2025849462 1606803809 1606803810 1050638090 1050638091 613289700 613289701 194744349 194744350 -109315703 -109315702 -296801433 -296801432 -400287914 -400287913 -372409305 -372409304 -304769176 -304769175 -162107462 -162107461 -20489547 -20489546 110085982 110085983 216208447 216208448 246490575 246490576 250235008 250235009 171023620 171023621 77016872 77016873 -45050437 -45050436 -169501563 -169501562 -236093941 -236093940 -299891785 -299891784 -243432970 -243432969 -177449770 -177449769 -11078196 -11078195 207441135 207441136 372762065 372762066 746682056 746682057 698453145 698453146 1479007186 1479007187 53222335590 53222335591
-1 1 -1 1 -1 1 -1 1 -1 1 -1 1 -1 1 -1 1 -1 1 -1 1 -1 1 -1 1 -1 1 -1 1 -1 1 -1 1 -1 1 -1 1 -1 1 -1 1 -1 1 -1 1 -1 1 -1 1 -1 1 -1 1 -1 1 -1 1 -1 1 -1 1 -1 1 -1 1 -1 1 -1 1 -1 1 -1 1 -1 1 -1 1 -1 1 -1 1 -1 1 -1 1 -1 1 -1 1 -1 1 -1 1 -1 1 -1 1 -1 1 -1 1 -1 1
-32914025839 -32914025838 -239042165907 -239042165906 139402498183 139402498184 19964818909 19964818910 2808783776 2808783777 -2080406294 -2080406293 -3513989747 -3513989746 -3780872774 -3780872773 -3149878168 -3149878167 -2380345911 -2380345910 -1306033539 -1306033538 -289914214 -289914213 683692060 683692061 1572458896 1572458897 2180211459 2180211460 2730961475 2730961476 2877913364 2877913365 3017664667 3017664668 -15589037262 -15589037261 2539227275 2539227276 2025849461 2025849462 1606803809 1606803810 1050638090 1050638091 613289700 613289701 194744349 194744350 -109315703 -109315702 -296801433 -296801432 -400287914 -400287913 -372409305 -372409304 -304769176 -304769175 -162107462 -162107461 -20489547 -20489546 110085982 110085983 216208447 216208448 246490575 246490576 250235008 250235009 171023620 171023621 77016872 77016873 -45050437 -45050436 -169501563 -169501562 -236093941 -236093940 -299891785 -299891784 -243432970 -243432969 -177449770 -177449769 -11078196 -11078195 207441135 207441136 372762065 372762066 746682056 746682057 698453145 698453146 1479007186 1479007187 53222335590 53222335591
-1 1 -1 1 -1 1 -1 1 -1 1 -1 1 -1 1 -1 1 -1 1 -1 1 -1 1 -1 1 -1 1 -1 1 -1 1 -1 1 -1 1 -1 1 -1 1 -1 1 -1 1 -1 1 -1 1 -1 1 -1 1 -1 1 -1 1 -1 1 -1 1 -1 1 -1 1 -1 1 -1 1 -1 1 -1 1 -1 1 -1 1 -1 1 -1 1 -1 1 -1 1 -1 1 -1 1 -1 1 -1 1 -1 1 -1 1 -1 1 -1 1 -1 1 -1 1
105808181907 105808181908 305984067929 305984067930 -175005866217 -175005866216 -23027404857 -23027404856 -1677659816 -1677659815 4057473350 4057473351 5255978674 5255978675 5036987203 5036987204 3736621313 3736621314 2369880046 2369880047 813699029 813699030 -551879455 -551879454 -1642992198 -1642992197 -2541387157 -2541387156 -2953790771 -2953790770 -3262095646 -3262095645 -3080606650 -3080606649 15779078235 15779078236 -2377669191 -2377669190 -1945336711 -1945336710 -1350113672 -1350113671 -893992922 -893992921 -439555487 -439555486 -118794976 -118794975 108300264 108300265 241483133 241483134 268411460 268411461 252233491 252233492 171551971 171551972 88482817 88482818 -1433919 -1433918 -74008985 -74008984 -112625649 -112625648 -133804681 -133804680 -112335198 -112335197 -83303460 -83303459 -31320666 -31320665 19281992 19281993 60794032 60794033 98784350 98784351 102006072 102006073 104472870 104472871 66854595 66854596 27595038 27595039 -29459827 -29459826 -105571598 -105571597 -144661815 -144661814 -257399794 -257399793 -225086509 -225086508 -458388863 -458388862 -16197309292 -16197309291
-1 1 -1 1 -1 1 -1 1 -1 1 -1 1 -1 1 -1 1 -1 1 -1 1 -1 1 -1 1 -1 1 -1 1 -1 1 -1 1 -1 1 -1 1 -1 1 -1 1 -1 1 -1 1 -1 1 -1 1 -1 1 -1 1 -1 1 -1 1 -1 1 -1 1 -1 1 -1 1 -1 1 -1 1 -1 1 -1 1 -1 1 -1 1 -1 1 -1 1 -1 1 -1 1 -1 1 -1 1 -1 1 -1 1 -1 1 -1 1 -1 1 -1 1 -1 1
105808181907 105808181908 305984067929 305984067930 -175005866217 -175005866216 -23027404857 -23027404856 -1677659816 -1677659815 4057473350 4057473351 5255978674 5255978675 5036987203 5036987204 3736621313 3736621314 2369880046 2369880047 813699029 813699030 -551879455 -551879454 -1642992198 -1642992197 -2541387157 -2541387156 -2953790771 -2953790770 -3262095646 -3262095645 -3080606650 -3080606649 15779078235 15779078236 -2377669191 -2377669190 -1945336711 -1945336710 -1350113672 -1350113671 -893992922 -893992921 -439555487 -439555486 -118794976 -118794975 108300264 108300265 241483133 241483134 268411460 268411461 252233491 252233492 171551971 171551972 88482817 88482818 -1433919 -1433918 -74008985 -74008984 -112625649 -112625648 -133804681 -133804680 -112335198 -112335197 -83303460 -83303459 -31320666 -31320665 19281992 19281993 60794032 60794033 98784350 98784351 102006072 102006073 104472870 104472871 66854595 66854596 27595038 27595039 -29459827 -29459826 -105571598 -105571597 -144661815 -144661814 -257399794 -257399793 -225086509 -225086508 -458388863 -458388862 -16197309292 -16197309291
-1 1 -1 1 -1 1 -1 1 -1 1 -1 1 -1 1 -1 1 -1 1 -1 1 -1 1 -1 1 -1 1 -1 1 -1 1 -1 1 -1 1 -1 1 -1 1 -1 1 -1 1 -1 1 -1 1 -1 1 -1 1 -1 1 -1 1 -1 1 -1 1 -1 1 -1 1 -1 1 -1 1 -1 1 -1 1 -1 1 -1 1 -1 1 -1 1 -1 1 -1 1 -1 1 -1 1 -1 1 -1 1 -1 1 -1 1 -1 1 -1 1 -1 1 -1 1
-139714343827 -139714343826 -290765679479 -290765679478 163572853347 163572853348 19861984212 19861984213 45523121 45523122 -5002915583 -5002915582 -5641504246 -5641504245 -4984456481 -4984456480 -3335531443 -3335531442 -1694388482 -1694388481 -15978598 -15978597 1410117819 1410117820 2401043233 2401043234 3161647490 3161647491 3333877790 3333877791 3397805869 3397805870 -14757349760 -14757349759 2562578088 2562578089 1886249025 1886249026 1339754129 1339754130 748351371 748351372 319083105 319083106 -10212546 -10212545 -207078443 -207078442 -272005784 -272005783 -267285654 -267285653 -182140629 -182140628 -87658159 -87658158 11254780 11254781 86229586 86229587 117583664 117583665 123190267 123190268 85815125 85815126 39525738 39525739 -14907112 -14907111 -61290313 -61290312 -80365760 -80365759 -86106735 -86106734 -57009965 -57009964 -20455414 -20455413 24954321 24954322 69588034 69588035 83636302 83636303 92844192 92844193 52613112 52613113 1216630 1216631 -65644407 -65644406 -180432971 -180432970 -192570874 -192570873 -435506797 -435506796 -16125188568 -16125188567
-1 1 -1 1 -1 1 -1 1 -1 1 -1 1 -1 1 -1 1 -1 1 -1 1 -1 1 -1 1 -1 1 -1 1 -1 1 -1 1 -1 1 -1 1 -1 1 -1 1 -1 1 -1 1 -1 1 -1 1 -1 1 -1 1 -1 1 -1 1 -1 1 -1 1 -1 1 -1 1 -1 1 -1 1 -1 1 -1 1 -1 1 -1 1 -1 1 -1 1 -1 1 -1 1 -1 1 -1 1 -1 1 -1 1 -1 1 -1 1 -1 1 -1 1 -1 1
-139714343827 -139714343826 -290765679479 -290765679478 163572853347 163572853348 19861984212 19861984213 45523121 45523122 -5002915583 -5002915582 -5641504246 -5641504245 -4984456481 -4984456480 -3335531443 -3335531442 -1694388482 -1694388481 -15978598 -15978597 1410117819 1410117820 2401043233 2401043234 3161647490 3161647491 3333877790 3333877791 3397805869 3397805870 -14757349760 -14757349759 2562578088 2562578089 1886249025 1886249026 1339754129 1339754130 748351371 748351372 319083105 319083106 -10212546 -10212545 -207078443 -207078442 -272005784 -272005783 -267285654 -267285653 -182140629 -182140628 -87658159 -87658158 11254780 11254781 86229586 86229587 117583664 117583665 123190267 123190268 85815125 85815126 39525738 39525739 -14907112 -14907111 -61290313 -61290312 -80365760 -80365759 -86106735 -86106734 -57009965 -57009964 -20455414 -20455413 24954321 24954322 69588034 69588035 83636302 83636303 92844192 92844193 52613112 52613113 1216630 1216631 -65644407 -65644406 -180432971 -180432970 -192570874 -192570873 -435506797 -435506796 -16125188568 -16125188567
-1 1 -1 1 -1 1 -1 1 -1 1 -1 1 -1 1 -1 1 -1 1 -1 1 -1 1 -1 1 -1 1 -1 1 -1 1 -1 1 -1 1 -1 1 -1 1 -1 1 -1 1 -1 1 -1 1 -1 1 -1 1 -1 1 -1 1 -1 1 -1 1 -1 1 -1 1 -1 1 -1 1 -1 1 -1 1 -1 1 -1 1 -1 1 -1 1 -1 1 -1 1 -1 1 -1 1 -1 1 -1 1 -1 1 -1 1 -1 1 -1 1 -1 1 -1 1
133334379666 133334379667 206152283026 206152283027 -113011277112 -113011277111 -11886373231 -11886373230 1654728179 1654728180 4798676101 4798676102 4702273672 4702273673 3733697204 3733697205 2090428734 2090428735 514460696 514460697 -938918421 -938918420 -2153748939 -2153748938 -2862683156 -2862683155 -3373517819 -3373517818 -3301698418 -3301698417 14921488401 14921488402 -2578098509 -2578098508 -2058915372 -2058915371 -1358119021 -1358119020 -802439386 -802439385 -286783805 -286783804 68107476 68107477 273567283 273567284 362971421 362971422 316493206 316493207 224707107 224707108 83476835 83476836 -44441048 -44441047 -135405829 -135405828 -189330860 -189330859 -173353654 -173353653 -130561313 -130561312 -47219355 -47219354 37545145 37545146 104021141 104021142 153025220 153025221 144085937 144085938 115808258 115808259 41332856 41332857 -42117842 -42117841 -113456568 -113456567 -183181166 -183181165 -176730502 -176730501 -161617296 -161617295 -57986312 -57986311 77037715 77037716 208069890 208069891 467258109 467258110 461704512 461704513 1006455334 1006455335 36688651115 36688651116
-1 1 -1 1 -1 1 -1 1 -1 1 -1 1 -1 1 -1 1 -1 1 -1 1 -1 1 -1 1 -1 1 -1 1 -1 1 -1 1 -1 1 -1 1 -1 1 -1 1 -1 1 -1 1 -1 1 -1 1 -1 1 -1 1 -1 1 -1 1 -1 1 -1 1 -1 1 -1 1 -1 1 -1 1 -1 1 -1 1 -1 1 -1 1 -1 1 -1 1 -1 1 -1 1 -1 1 -1 1 -1 1 -1 1 -1 1 -1 1 -1 1 -1 1 -1 1
133334379666 133334379667 206152283026 206152283027 -113011277112 -113011277111 -11886373231 -11886373230 1654728179 1654728180 4798676101 4798676102 4702273672 4702273673 3733697204 3733697205 2090428734 2090428735 514460696 514460697 -938918421 -938918420 -2153748939 -2153748938 -2862683156 -2862683155 -3373517819 -3373517818 -3301698418 -3301698417 14921488401 14921488402 -2578098509 -2578098508 -2058915372 -2058915371 -1358119021 -1358119020 -802439386 -802439385 -286783805 -286783804 68107476 68107477 273567283 273567284 362971421 362971422 316493206 316493207 224707107 224707108 83476835 83476836 -44441048 -44441047 -135405829 -135405828 -189330860 -189330859 -173353654 -173353653 -130561313 -130561312 -47219355 -47219354 37545145 37545146 104021141 104021142 153025220 153025221 144085937 144085938 115808258 115808259 41332856 41332857 -42117842 -42117841 -113456568 -113456567 -183181166 -183181165 -176730502 -176730501 -161617296 -161617295 -57986312 -57986311 77037715 77037716 208069890 208069891 467258109 467258110 461704512 461704513 1006455334 1006455335 36688651115 36688651116
-1 1 -1 1 -1 1 -1 1 -1 1 -1 1 -1 1 -1 1 -1 1 -1 1 -1 1 -1 1 -1 1 -1 1 -1 1 -1 1 -1 1 -1 1 -1 1 -1 1 -1 1 -1 1 -1 1 -1 1 -1 1 -1 1 -1 1 -1 1 -1 1 -1 1 -1 1 -1 1 -1 1 -1 1 -1 1 -1 1 -1 1 -1 1 -1 1 -1 1 -1 1 -1 1 -1 1 -1 1 -1 1 -1 1 -1 1 -1 1 -1 1 -1 1 -1 1
-92121844401 -92121844400 -81686659708 -81686659707 40704811711 40704811712 1695051801 1695051802 -2960157381 -2960157380 -3590215236 -3590215235 -2776327963 -2776327962 -1671305453 -1671305452 -338057481 -338057480 895617587 895617588 1868543076 1868543077 2678094935 2678094936 2997695700 2997695701 3203632058 3203632059 -14288243603 -14288243602 2626220340 2626220341 2012075998 2012075999 1482911706 1482911707 862411690 862411691 383033513 383033514 -9855931 -9855930 -264404165 -264404164 -365356871 -365356870 -377489414 -377489413 -275871091 -275871090 -150351577 -150351576 -3506308 -3506307 119329826 119329827 186732553 186732554 216213221 216213222 173077817 173077818 107620141 107620142 11446985 11446986 -81159579 -81159578 -141814998 -141814997 -182394778 -182394777 -156591476 -156591475 -111342517 -111342516 -21846001 -21846000 75907267 75907268 149902435 149902436 222106784 222106785 203069983 203069984 174529799 174529800 49345328 49345329 -114589650 -114589649 -262051169 -262051168 -565827269 -565827268 -549328327 -549328326 -1186722089 -1186722088 -43089756645 -43089756644
-1 1 -1 1 -1 1 -1 1 -1 1 -1 1 -1 1 -1 1 -1 1 -1 1 -1 1 -1 1 -1 1 -1 1 -1 1 -1 1 -1 1 -1 1 -1 1 -1 1 -1 1 -1 1 -1 1 -1 1 -1 1 -1 1 -1 1 -1 1 -1 1 -1 1 -1 1 -1 1 -1 1 -1 1 -1 1 -1 1 -1 1 -1 1 -1 1 -1 1 -1 1 -1 1 -1 1 -1 1 -1 1 -1 1 -1 1 -1 1 -1 1 -1 1 -1 1
-92121844401 -92121844400 -81686659708 -81686659707 40704811711 40704811712 1695051801 1695051802 -2960157381 -2960157380 -3590215236 -3590215235 -2776327963 -2776327962 -1671305453 -1671305452 -338057481 -338057480 895617587 895617588 1868543076 1868543077 2678094935 2678094936 2997695700 2997695701 3203632058 3203632059 -14288243603 -14288243602 2626220340 2626220341 2012075998 2012075999 1482911706 1482911707 862411690 862411691 383033513 383033514 -9855931 -9855930 -264404165 -264404164 -365356871 -365356870 -377489414 -377489413 -275871091 -275871090 -150351577 -150351576 -3506308 -3506307 119329826 119329827 186732553 186732554 216213221 216213222 173077817 173077818 107620141 107620142 11446985 11446986 -81159579 -81159578 -141814998 -141814997 -182394778 -182394777 -156591476 -156591475 -111342517 -111342516 -21846001 -21846000 75907267 75907268 149902435 149902436 222106784 222106785 203069983 203069984 174529799 174529800 49345328 49345329 -114589650 -114589649 -262051169 -262051168 -565827269 -565827268 -549328327 -549328326 -1186722089 -1186722088 -43089756645 -43089756644
-1 1 -1 1 -1 1 -1 1 -1 1 -1 1 -1 1 -1 1 -1 1 -1 1 -1 1 -1 1 -1 1 -1 1 -1 1 -1 1 -1 1 -1 1 -1 1 -1 1 -1 1 -1 1 -1 1 -1 1 -1 1 -1 1 -1 1 -1 1 -1 1 -1 1 -1 1 -1 1 -1 1 -1 1 -1 1 -1 1 -1 1 -1 1 -1 1 -1 1 -1 1 -1 1 -1 1 -1 1 -1 1 -1 1 -1 1 -1 1 -1 1 -1 1 -1 1
34591374321 34591374322 -45927022696 -45927022695 32097223210 32097223211 7750307968 7750307969 3502548590 3502548591 1721284184 1721284185 389677426 389677427 -665554947 -665554946 -1494031477 -1494031476 -2223919440 -2223919439 -2599899809 -2599899808 -2922334581 -2922334580 -2836614089 -2836614088 14835885412 14835885413 -2315683271 -2315683270 -1939604999 -1939604998 -1379255353 -1379255352 -922237808 -922237807 -449605739 -449605738 -98704143 -98704142 153900245 153900246 304012575 304012576 329320274 329320275 297769108 297769109 189167564 189167565 73187736 73187737 -43531863 -43531862 -135615058 -135615057 -174051922 -174051921 -182503310 -182503309 -133161237 -133161236 -69095309 -69095308 12851950 12851951 89105174 89105175 132426854 132426855 158647494 158647495 128449924 128449925 83119653 83119654 4804552 4804553 -79485939 -79485938 -138261862 -138261861 -195554048 -195554047 -173075675 -173075674 -142714213 -142714212 -32686130 -32686129 111870261 111870262 235948130 235948131 498270056 498270057 478725175 478725176 1028591822 1028591823 37258483875 37258483876
-1 1 -1 1 -1 1 -1 1 -1 1 -1 1 -1 1 -1 1 -1 1 -1 1 -1 1 -1 1 -1 1 -1 1 -1 1 -1 1 -1 1 -1 1 -1 1 -1 1 -1 1 -1 1 -1 1 -1 1 -1 1 -1 1 -1 1 -1 1 -1 1 -1 1 -1 1 -1 1 -1 1 -1 1 -1 1 -1 1 -1 1 -1 1 -1 1 -1 1 -1 1 -1 1 -1 1 -1 1 -1 1 -1 1 -1 1 -1 1 -1 1 -1 1 -1 1
34591374321 34591374322 -45927022696 -45927022695 32097223210 32097223211 7750307968 7750307969 3502548590 3502548591 1721284184 1721284185 389677426 389677427 -665554947 -665554946 -1494031477 -1494031476 -2223919440 -2223919439 -2599899809 -2599899808 -2922334581 -2922334580 -2836614089 -2836614088 14835885412 14835885413 -2315683271 -2315683270 -1939604999 -1939604998 -1379255353 -1379255352 -922237808 -922237807 -449605739 -449605738 -98704143 -98704142 153900245 153900246 304012575 304012576 329320274 329320275 297769108 297769109 189167564 189167565 73187736 73187737 -43531863 -43531862 -135615058 -135615057 -174051922 -174051921 -182503310 -182503309 -133161237 -133161236 -69095309 -69095308 12851950 12851951 89105174 89105175 132426854 132426855 158647494 158647495 128449924 128449925 83119653 83119654 4804552 4804553 -79485939 -79485938 -138261862 -138261861 -195554048 -195554047 -173075675 -173075674 -142714213 -142714212 -32686130 -32686129 111870261 111870262 235948130 235948131 498270056 498270057 478725175 478725176 1028591822 1028591823 37258483875 37258483876
-1 1 -1 1 -1 1 -1 1 -1 1 -1 1 -1 1 -1 1 -1 1 -1 1 -1 1 -1 1 -1 1 -1 1 -1 1 -1 1 -1 1 -1 1 -1 1 -1 1 -1 1 -1 1 -1 1 -1 1 -1 1 -1 1 -1 1 -1 1 -1 1 -1 1 -1 1 -1 1 -1 1 -1 1 -1 1 -1 1 -1 1 -1 1 -1 1 -1 1 -1 1 -1 1 -1 1 -1 1 -1 1 -1 1 -1 1 -1 1 -1 1 -1 1 -1 1
23215454721 23215454722 143548955889 143548955890 -86471933408 -86471933407 -13974396541 -13974396540 -3108422685 -3108422684 369881099 369881100 1896223885 1896223886 2740729445 2740729446 3004042566 3004042567 3201406316 3201406317 3009278843 3009278844 2877259960 2877259961 -14340618833 -14340618832 2129571951 2129571952 1626732467 1626732468 1235650449 1235650450 786363368 786363369 447609870 447609871 146759134 146759135 -60726685 -60726684 -182801348 -182801347 -242333611 -242333610 -222341100 -222341099 -175888018 -175888017 -91958141 -91958140 -11541442 -11541441 57923958 57923959 108639924 108639925 120697108 120697109 114995867 114995868 75128101 75128102 28743066 28743067 -23411388 -23411387 -70098159 -70098158 -91946429 -91946428 -102889567 -102889566 -78096531 -78096530 -44674322 -44674321 6431268 6431269 60578858 60578859 94903283 94903284 128295683 128295684 109717783 109717784 86288449 86288450 14234516 14234517 -80730792 -80730791 -158249937 -158249936 -326837294 -326837293 -310643411 -310643410 -663635871 -663635870 -23977412895 -23977412894
-1 1 -1 1 -1 1 -1 1 -1 1 -1 1 -1 1 -1 1 -1 1 -1 1 -1 1 -1 1 -1 1 -1 1 -1 1 -1 1 -1 1 -1 1 -1 1 -1 1 -1 1 -1 1 -1 1 -1 1 -1 1 -1 1 -1 1 -1 1 -1 1 -1 1 -1 1 -1 1 -1 1 -1 1 -1 1 -1 1 -1 1 -1 1 -1 1 -1 1 -1 1 -1 1 -1 1 -1 1 -1 1 -1 1 -1 1 -1 1 -1 1 -1 1 -1 1
23215454721 23215454722 143548955889 143548955890 -86471933408 -86471933407 -13974396541 -13974396540 -3108422685 -3108422684 369881099 369881100 1896223885 1896223886 2740729445 2740729446 3004042566 3004042567 3201406316 3201406317 3009278843 3009278844 2877259960 2877259961 -14340618833 -14340618832 2129571951 2129571952 1626732467 1626732468 1235650449 1235650450 786363368 786363369 447609870 447609871 146759134 146759135 -60726685 -60726684 -182801348 -182801347 -242333611 -242333610 -222341100 -222341099 -175888018 -175888017 -91958141 -91958140 -11541442 -11541441 57923958 57923959 108639924 108639925 120697108 120697109 114995867 114995868 75128101 75128102 28743066 28743067 -23411388 -23411387 -70098159 -70098158 -91946429 -91946428 -102889567 -102889566 -78096531 -78096530 -44674322 -44674321 6431268 6431269 60578858 60578859 94903283 94903284 128295683 128295684 109717783 109717784 86288449 86288450 14234516 14234517 -80730792 -80730791 -158249937 -158249936 -326837294 -326837293 -310643411 -310643410 -663635871 -663635870 -23977412895 -23977412894
-1 1 -1 1 -1 1 -1 1 -1 1 -1 1 -1 1 -1 1 -1 1 -1 1 -1 1 -1 1 -1 1 -1 1 -1 1 -1 1 -1 1 -1 1 -1 1 -1 1 -1 1 -1 1 -1 1 -1 1 -1 1 -1 1 -1 1 -1 1 -1 1 -1 1 -1 1 -1 1 -1 1 -1 1 -1 1 -1 1 -1 1 -1 1 -1 1 -1 1 -1 1 -1 1 -1 1 -1 1 -1 1 -1 1 -1 1 -1 1 -1 1 -1 1 -1 1
-63749612660 -63749612659 -190325783744 -190325783743 110802325446 110802325447 15640144483 15640144484 1846604489 1846604490 -2262126788 -2262126787 -3626897170 -3626897169 -4153250768 -4153250767 -3914193089 -3914193088 -3664970292 -3664970291 -3048096722 -3048096721 14604037369 14604037370 -1947929285 -1947929284 -1485306509 -1485306508 -983894748 -983894747 -629377930 -629377929 -312660329 -312660328 -101789380 -101789379 42131623 42131624 123106390 123106391 144043445 144043446 138079657 138079658 98618762 98618763 56625599 56625600 10325826 10325827 -26870918 -26870917 -49173244 -49173243 -61165914 -61165913 -54237197 -54237196 -41751194 -41751193 -18955959 -18955958 3526838 3526839 22808815 22808816 38233669 38233670 40827557 40827558 39358158 39358159 24999011 24999012 8470288 8470289 -11312416 -11312415 -31420054 -31420053 -40900281 -40900280 -50021129 -50021128 -39206047 -39206046 -26808293 -26808292 1127360 1127361 38176168 38176169 64698774 64698775 126924331 126924332 117479352 117479353 247356284 247356285 8878457018 8878457019
-1 1 -1 1 -1 1 -1 1 -1 1 -1 1 -1 1 -1 1 -1 1 -1 1 -1 1 -1 1 -1 1 -1 1 -1 1 -1 1 -1 1 -1 1 -1 1 -1 1 -1 1 -1 1 -1 1 -1 1 -1 1 -1 1 -1 1 -1 1 -1 1 -1 1 -1 1 -1 1 -1 1 -1 1 -1 1 -1 1 -1 1 -1 1 -1 1 -1 1 -1 1 -1 1 -1 1 -1 1 -1 1 -1 1 -1 1 -1 1 -1 1 -1 1 -1 1
-63749612660 -63749612659 -190325783744 -190325783743 110802325446 110802325447 15640144483 15640144484 1846604489 1846604490 -2262126788 -2262126787 -3626897170 -3626897169 -4153250768 -4153250767 -3914193089 -3914193088 -3664970292 -3664970291 -3048096722 -3048096721 14604037369 14604037370 -1947929285 -1947929284 -1485306509 -1485306508 -983894748 -983894747 -629377930 -629377929 -312660329 -312660328 -101789380 -101789379 42131623 42131624 123106390 123106391 144043445 144043446 138079657 138079658 98618762 98618763 56625599 56625600 10325826 10325827 -26870918 -26870917 -49173244 -49173243 -61165914 -61165913 -54237197 -54237196 -41751194 -41751193 -18955959 -18955958 3526838 3526839 22808815 22808816 38233669 38233670 40827557 40827558 39358158 39358159 24999011 24999012 8470288 8470289 -11312416 -11312415 -31420054 -31420053 -40900281 -40900280 -50021129 -50021128 -39206047 -39206046 -26808293 -26808292 1127360 1127361 38176168 38176169 64698774 64698775 126924331 126924332 117479352 117479353 247356284 247356285 8878457018 8878457019
-1 1 -1 1 -1 1 -1 1 -1 1 -1 1 -1 1 -1 1 -1 1 -1 1 -1 1 -1 1 -1 1 -1 1 -1 1 -1 1 -1 1 -1 1 -1 1 -1 1 -1 1 -1 1 -1 1 -1 1 -1 1 -1 1 -1 1 -1 1 -1 1 -1 1 -1 1 -1 1 -1 1 -1 1 -1 1 -1 1 -1 1 -1 1 -1 1 -1 1 -1 1 -1 1 -1 1 -1 1 -1 1 -1 1 -1 1 -1 1 -1 1 -1 1 -1 1
81213658737 81213658738 182085243267 182085243268 -103217001945 -103217001944 -12824704785 -12824704784 -10012453 -10012452 3641824010 3641824011 4550162688 4550162689 4719451888 4719451889 4125551304 4125551305 3587209417 3587209418 -13722268446 -13722268445 2113680122 2113680123 1412755594 1412755595 916332897 916332898 476032175 476032176 190263206 190263207 -2456782 -2456781 -104071678 -104071677 -131614440 -131614439 -123026966 -123026965 -81361683 -81361682 -38573769 -38573768 2236064 2236065 30678599 30678600 41937397 41937398 42712394 42712395 29898842 29898843 14500813 14500814 -2455816 -2455815 -15862134 -15862133 -21687385 -21687384 -22876025 -22876024 -15977384 -15977383 -7203760 -7203759 3236964 3236965 12279914 12279915 15994509 15994510 17096949 17096950 11241090 11241091 3812529 3812530 -5381585 -5381584 -14497205 -14497204 -17300999 -17300998 -19117693 -19117692 -10717542 -10717541 92235 92236 14018756 14018757 38133057 38133058 40581351 40581352 91677973 91677974 3393193184 3393193185
-1 1 -1 1 -1 1 -1 1 -1 1 -1 1 -1 1 -1 1 -1 1 -1 1 -1 1 -1 1 -1 1 -1 1 -1 1 -1 1 -1 1 -1 1 -1 1 -1 1 -1 1 -1 1 -1 1 -1 1 -1 1 -1 1 -1 1 -1 1 -1 1 -1 1 -1 1 -1 1 -1 1 -1 1 -1 1 -1 1 -1 1 -1 1 -1 1 -1 1 -1 1 -1 1 -1 1 -1 1 -1 1 -1 1 -1 1 -1 1 -1 1 -1 1 -1 1
81213658737 81213658738 182085243267 182085243268 -103217001945 -103217001944 -12824704785 -12824704784 -10012453 -10012452 3641824010 3641824011 4550162688 4550162689 4719451888 4719451889 4125551304 4125551305 3587209417 3587209418 -13722268446 -13722268445 2113680122 2113680123 1412755594 1412755595 916332897 916332898 476032175 476032176 190263206 190263207 -2456782 -2456781 -104071678 -104071677 -131614440 -131614439 -123026966 -123026965 -81361683 -81361682 -38573769 -38573768 2236064 2236065 30678599 30678600 41937397 41937398 42712394 42712395 29898842 29898843 14500813 14500814 -2455816 -2455815 -15862134 -15862133 -21687385 -21687384 -22876025 -22876024 -15977384 -15977383 -7203760 -7203759 3236964 3236965 12279914 12279915 15994509 15994510 17096949 17096950 11241090 11241091 3812529 3812530 -5381585 -5381584 -14497205 -14497204 -17300999 -17300998 -19117693 -19117692 -10717542 -10717541 92235 92236 14018756 14018757 38133057 38133058 40581351 40581352 91677973 91677974 3393193184 3393193185
-1 1 -1 1 -1 1 -1 1 -1 1 -1 1 -1 1 -1 1 -1 1 -1 1 -1 1 -1 1 -1 1 -1 1 -1 1 -1 1 -1 1 -1 1 -1 1 -1 1 -1 1 -1 1 -1 1 -1 1 -1 1 -1 1 -1 1 -1 1 -1 1 -1 1 -1 1 -1 1 -1 1 -1 1 -1 1 -1 1 -1 1 -1 1 -1 1 -1 1 -1 1 -1 1 -1 1 -1 1 -1 1 -1 1 -1 1 -1 1 -1 1 -1 1 -1 1
-73643762841 -73643762840 -130494938749 -130494938748 70987872092 70987872093 6863995430 6863995431 -1963493309 -1963493308 -4352812131 -4352812130 -4644426814 -4644426813 -4486193863 -4486193862 -3718574838 -3718574837 13820041671 13820041672 -2209431012 -2209431011 -1565325617 -1565325616 -925697554 -925697553 -482769064 -482769063 -140533390 -140533389 64210029 64210030 160459192 160459193 186689046 186689047 147745069 147745070 92554755 92554756 25560284 25560285 -28520503 -28520502 -60790160 -60790159 -74824503 -74824502 -62833414 -62833413 -41727438 -41727437 -10854505 -10854504 17506027 17506028 36564692 36564693 47383244 47383245 41433337 41433338 29227795 29227796 7805853 7805854 -13882515 -13882514 -29930266 -29930265 -41538430 -41538429 -37731535 -37731534 -28928711 -28928710 -8433044 -8433043 14484395 14484396 33192857 33192858 51586653 51586654 48683397 48683398 43402109 43402110 14139613 14139614 -24247113 -24247112 -60327881 -60327880 -133123386 -133123385 -130571260 -130571259 -283600085 -283600084 -10322239315 -10322239314
-1 1 -1 1 -1 1 -1 1 -1 1 -1 1 -1 1 -1 1 -1 1 -1 1 -1 1 -1 1 -1 1 -1 1 -1 1 -1 1 -1 1 -1 1 -1 1 -1 1 -1 1 -1 1 -1 1 -1 1 -1 1 -1 1 -1 1 -1 1 -1 1 -1 1 -1 1 -1 1 -1 1 -1 1 -1 1 -1 1 -1 1 -1 1 -1 1 -1 1 -1 1 -1 1 -1 1 -1 1 -1 1 -1 1 -1 1 -1 1 -1 1 -1 1 -1 1
-73643762841 -73643762840 -130494938749 -130494938748 70987872092 70987872093 6863995430 6863995431 -1963493309 -1963493308 -4352812131 -4352812130 -4644426814 -4644426813 -4486193863 -4486193862 -3718574838 -3718574837 13820041671 13820041672 -2209431012 -2209431011 -1565325617 -1565325616 -925697554 -925697553 -482769064 -482769063 -140533390 -140533389 64210029 64210030 160459192 160459193 186689046 186689047 147745069 147745070 92554755 92554756 25560284 25560285 -28520503 -28520502 -60790160 -60790159 -74824503 -74824502 -62833414 -62833413 -41727438 -41727437 -10854505 -10854504 17506027 17506028 36564692 36564693 47383244 47383245 41433337 41433338 29227795 29227796 7805853 7805854 -13882515 -13882514 -29930266 -29930265 -41538430 -41538429 -37731535 -37731534 -28928711 -28928710 -8433044 -8433043 14484395 14484396 33192857 33192858 51586653 51586654 48683397 48683398 43402109 43402110 14139613 14139614 -24247113 -24247112 -60327881 -60327880 -133123386 -133123385 -130571260 -130571259 -283600085 -283600084 -10322239315 -10322239314
-1 1 -1 1 -1 1 -1 1 -1 1 -1 1 -1 1 -1 1 -1 1 -1 1 -1 1 -1 1 -1 1 -1 1 -1 1 -1 1 -1 1 -1 1 -1 1 -1 1 -1 1 -1 1 -1 1 -1 1 -1 1 -1 1 -1 1 -1 1 -1 1 -1 1 -1 1 -1 1 -1 1 -1 1 -1 1 -1 1 -1 1 -1 1 -1 1 -1 1 -1 1 -1 1 -1 1 -1 1 -1 1 -1 1 -1 1 -1 1 -1 1 -1 1 -1 1
50374699189 50374699190 57674687665 57674687666 -27308986740 -27308986739 160308320 160308321 3609471952 3609471953 4400078175 4400078176 4081150745 4081150746 3679631153 3679631154 -13334128008 -13334128007 2289843241 2289843242 1564713872 1564713873 1029451061 1029451062 534888950 534888951 199714388 199714389 -32664551 -32664550 -160662774 -160662773 -194511767 -194511766 -181259504 -181259503 -120391523 -120391522 -55428799 -55428798 8671284 8671285 56111891 56111892 76749892 76749893 80271369 80271370 59081723 59081724 31443827 31443828 -1798275 -1798274 -30501375 -30501374 -46315858 -46315857 -53294942 -53294941 -42439869 -42439868 -25864741 -25864740 -1560768 -1560767 22114478 22114479 37511538 37511539 47851848 47851849 40848340 40848341 28689328 28689329 4940095 4940096 -21155639 -21155638 -40758416 -40758415 -59999011 -59999010 -54649334 -54649333 -46701271 -46701270 -12747511 -12747510 31926362 31926363 71855725 71855726 154615780 154615781 149913040 149913041 323680327 323680328 11750303472 11750303473
-1 1 -1 1 -1 1 -1 1 -1 1 -1 1 -1 1 -1 1 -1 1 -1 1 -1 1 -1 1 -1 1 -1 1 -1 1 -1 1 -1 1 -1 1 -1 1 -1 1 -1 1 -1 1 -1 1 -1 1 -1 1 -1 1 -1 1 -1 1 -1 1 -1 1 -1 1 -1 1 -1 1 -1 1 -1 1 -1 1 -1 1 -1 1 -1 1 -1 1 -1 1 -1 1 -1 1 -1 1 -1 1 -1 1 -1 1 -1 1 -1 1 -1 1 -1 1
50374699189 50374699190 57674687665 57674687666 -27308986740 -27308986739 160308320 160308321 3609471952 3609471953 4400078175 4400078176 4081150745 4081150746 3679631153 3679631154 -13334128008 -13334128007 2289843241 2289843242 1564713872 1564713873 1029451061 1029451062 534888950 534888951 199714388 199714389 -32664551 -32664550 -160662774 -160662773 -194511767 -194511766 -181259504 -181259503 -120391523 -120391522 -55428799 -55428798 8671284 8671285 56111891 56111892 76749892 76749893 80271369 80271370 59081723 59081724 31443827 31443828 -1798275 -1798274 -30501375 -30501374 -46315858 -46315857 -53294942 -53294941 -42439869 -42439868 -25864741 -25864740 -1560768 -1560767 22114478 22114479 37511538 37511539 47851848 47851849 40848340 40848341 28689328 28689329 4940095 4940096 -21155639 -21155638 -40758416 -40758415 -59999011 -59999010 -54649334 -54649333 -46701271 -46701270 -12747511 -12747510 31926362 31926363 71855725 71855726 154615780 154615781 149913040 149913041 323680327 323680328 11750303472 11750303473
-1 1 -1 1 -1 1 -1 1 -1 1 -1 1 -1 1 -1 1 -1 1 -1 1 -1 1 -1 1 -1 1 -1 1 -1 1 -1 1 -1 1 -1 1 -1 1 -1 1 -1 1 -1 1 -1 1 -1 1 -1 1 -1 1 -1 1 -1 1 -1 1 -1 1 -1 1 -1 1 -1 1 -1 1 -1 1 -1 1 -1 1 -1 1 -1 1 -1 1 -1 1 -1 1 -1 1 -1 1 -1 1 -1 1 -1 1 -1 1 -1 1 -1 1 -1 1
-19826416907 -19826416906 11746252524 11746252525 -13371229169 -13371229168 -6115569699 -6115569698 -4561834996 -4561834995 -3914794864 -3914794863 -3141509644 -3141509643 14081865700 14081865701 -1949016007 -1949016006 -1463249492 -1463249491 -948103223 -948103222 -578579089 -578579088 -258484693 -258484692 -47124271 -47124270 85536816 85536817 151995281 151995282 153960660 153960661 129420676 129420677 76542974 76542975 25183427 25183428 -20530371 -20530370 -52570725 -52570724 -62895196 -62895195 -61098418 -61098417 -41691445 -41691444 -18634218 -18634217 6786912 6786913 28028204 28028205 38259451 38259452 41736595 41736596 31631827 31631828 17539789 17539790 -1597449 -1597448 -19891385 -19891384 -30941360 -30941359 -38000216 -38000215 -31441570 -31441569 -21011583 -21011582 -2088524 -2088523 18535883 18535884 33371351 33371352 47921766 47921767 42900119 42900120 35864172 35864173 8769872 8769873 -26936018 -26936017 -58065476 -58065475 -123473407 -123473406 -119055365 -119055364 -256311981 -256311980 -9292791074 -9292791073
-1 1 -1 1 -1 1 -1 1 -1 1 -1 1 -1 1 -1 1 -1 1 -1 1 -1 1 -1 1 -1 1 -1 1 -1 1 -1 1 -1 1 -1 1 -1 1 -1 1 -1 1 -1 1 -1 1 -1 1 -1 1 -1 1 -1 1 -1 1 -1 1 -1 1 -1 1 -1 1 -1 1 -1 1 -1 1 -1 1 -1 1 -1 1 -1 1 -1 1 -1 1 -1 1 -1 1 -1 1 -1 1 -1 1 -1 1 -1 1 -1 1 -1 1 -1 1
-19826416907 -19826416906 11746252524 11746252525 -13371229169 -13371229168 -6115569699 -6115569698 -4561834996 -4561834995 -3914794864 -3914794863 -3141509644 -3141509643 14081865700 14081865701 -1949016007 -1949016006 -1463249492 -1463249491 -948103223 -948103222 -578579089 -578579088 -258484693 -258484692 -47124271 -47124270 85536816 85536817 151995281 151995282 153960660 153960661 129420676 129420677 76542974 76542975 25183427 25183428 -20530371 -20530370 -52570725 -52570724 -62895196 -62895195 -61098418 -61098417 -41691445 -41691444 -18634218 -18634217 6786912 6786913 28028204 28028205 38259451 38259452 41736595 41736596 31631827 31631828 17539789 17539790 -1597449 -1597448 -19891385 -19891384 -30941360 -30941359 -38000216 -38000215 -31441570 -31441569 -21011583 -21011582 -2088524 -2088523 18535883 18535884 33371351 33371352 47921766 47921767 42900119 42900120 35864172 35864173 8769872 8769873 -26936018 -26936017 -58065476 -58065475 -123473407 -123473406 -119055365 -119055364 -256311981 -256311980 -9292791074 -9292791073
-1 1 -1 1 -1 1 -1 1 -1 1 -1 1 -1 1 -1 1 -1 1 -1 1 -1 1 -1 1 -1 1 -1 1 -1 1 -1 1 -1 1 -1 1 -1 1 -1 1 -1 1 -1 1 -1 1 -1 1 -1 1 -1 1 -1 1 -1 1 -1 1 -1 1 -1 1 -1 1 -1 1 -1 1 -1 1 -1 1 -1 1 -1 1 -1 1 -1 1 -1 1 -1 1 -1 1 -1 1 -1 1 -1 1 -1 1 -1 1 -1 1 -1 1 -1 1
-5832990528 -5832990527 -58501996823 -58501996822 39933078943 39933078944 9473738942 9473738943 4649868752 4649868753 3097652519 3097652520 -14005654276 -14005654275 1580215919 1580215920 1087356089 1087356090 761992161 761992162 459800055 459800056 254148679 254148680 89957279 89957280 -13878548 -13878547 -71473666 -71473665 -96289061 -96289060 -87652623 -87652622 -67930444 -67930443 -35784240 -35784239 -6462709 -6462708 17524018 17524019 33470277 33470278 36785561 36785562 33777765 33777766 21558419 21558420 7883602 7883603 -6232192 -6232191 -17702963 -17702962 -22532287 -22532286 -23609985 -23609984 -17173118 -17173117 -8699202 -8699201 2176278 2176279 12416442 12416443 18213686 18213687 21737735 21737736 17540385 17540386 11227002 11227003 372659 372660 -11382735 -11382734 -19542550 -19542549 -27540211 -27540210 -24320183 -24320182 -19969377 -19969376 -4409019 -4409018 16122934 16122935 33672958 33672959 70954731 70954732 68119653 68119654 146319456 146319457 5299562762 5299562763
-1 1 -1 1 -1 1 -1 1 -1 1 -1 1 -1 1 -1 1 -1 1 -1 1 -1 1 -1 1 -1 1 -1 1 -1 1 -1 1 -1 1 -1 1 -1 1 -1 1 -1 1 -1 1 -1 1 -1 1 -1 1 -1 1 -1 1 -1 1 -1 1 -1 1 -1 1 -1 1 -1 1 -1 1 -1 1 -1 1 -1 1 -1 1 -1 1 -1 1 -1 1 -1 1 -1 1 -1 1 -1 1 -1 1 -1 1 -1 1 -1 1 -1 1 -1 1
-5832990528 -5832990527 -58501996823 -58501996822 39933078943 39933078944 9473738942 9473738943 4649868752 4649868753 3097652519 3097652520 -14005654276 -14005654275 1580215919 1580215920 1087356089 1087356090 761992161 761992162 459800055 459800056 254148679 254148680 89957279 89957280 -13878548 -13878547 -71473666 -71473665 -96289061 -96289060 -87652623 -87652622 -67930444 -67930443 -35784240 -35784239 -6462709 -6462708 17524018 17524019 33470277 33470278 36785561 36785562 33777765 33777766 21558419 21558420 7883602 7883603 -6232192 -6232191 -17702963 -17702962 -22532287 -22532286 -23609985 -23609984 -17173118 -17173117 -8699202 -8699201 2176278 2176279 12416442 12416443 18213686 18213687 21737735 21737736 17540385 17540386 11227002 11227003 372659 372660 -11382735 -11382734 -19542550 -19542549 -27540211 -27540210 -24320183 -24320182 -19969377 -19969376 -4409019 -4409018 16122934 16122935 33672958 33672959 70954731 70954732 68119653 68119654 146319456 146319457 5299562762 5299562763
-1 1 -1 1 -1 1 -1 1 -1 1 -1 1 -1 1 -1 1 -1 1 -1 1 -1 1 -1 1 -1 1 -1 1 -1 1 -1 1 -1 1 -1 1 -1 1 -1 1 -1 1 -1 1 -1 1 -1 1 -1 1 -1 1 -1 1 -1 1 -1 1 -1 1 -1 1 -1 1 -1 1 -1 1 -1 1 -1 1 -1 1 -1 1 -1 1 -1 1 -1 1 -1 1 -1 1 -1 1 -1 1 -1 1 -1 1 -1 1 -1 1 -1 1 -1 1
22457768174 22457768175 74061698185 74061698186 -47674422175 -47674422174 -9729427616 -9729427615 -3940617008 -3940617007 14507854327 14507854328 -1234815744 -1234815743 -784976227 -784976226 -467324991 -467324990 -284680528 -284680527 -146700134 -146700133 -63188642 -63188641 -6994849 -6994848 24437726 24437727 36843869 36843870 39170574 39170575 30985793 30985794 20904317 20904318 8445180 8445181 -1904363 -1904362 -9194551 -9194550 -13497008 -13497007 -13248604 -13248603 -11115359 -11115358 -6247866 -6247865 -1229456 -1229455 3434357 3434358 7032129 7032130 8138271 8138272 8005872 8005873 5419207 5419208 2266735 2266736 -1443453 -1443452 -4846285 -4846284 -6551557 -6551556 -7478120 -7478119 -5785989 -5785988 -3421789 -3421788 326195 326196 4341618 4341619 6962852 6962853 9527604 9527605 8227901 8227902 6552384 6552385 1176567 1176568 -5929202 -5929201 -11808501 -11808500 -24525699 -24525698 -23380909 -23380908 -50034551 -50034550 -1809192337 -1809192336
-1 1 -1 1 -1 1 -1 1 -1 1 -1 1 -1 1 -1 1 -1 1 -1 1 -1 1 -1 1 -1 1 -1 1 -1 1 -1 1 -1 1 -1 1 -1 1 -1 1 -1 1 -1 1 -1 1 -1 1 -1 1 -1 1 -1 1 -1 1 -1 1 -1 1 -1 1 -1 1 -1 1 -1 1 -1 1 -1 1 -1 1 -1 1 -1 1 -1 1 -1 1 -1 1 -1 1 -1 1 -1 1 -1 1 -1 1 -1 1 -1 1 -1 1 -1 1
22457768174 22457768175 74061698185 74061698186 -47674422175 -47674422174 -9729427616 -9729427615 -3940617008 -3940617007 14507854327 14507854328 -1234815744 -1234815743 -784976227 -784976226 -467324991 -467324990 -284680528 -284680527 -146700134 -146700133 -63188642 -63188641 -6994849 -6994848 24437726 24437727 36843869 36843870 39170574 39170575 30985793 30985794 20904317 20904318 8445180 8445181 -1904363 -1904362 -9194551 -9194550 -13497008 -13497007 -13248604 -13248603 -11115359 -11115358 -6247866 -6247865 -1229456 -1229455 3434357 3434358 7032129 7032130 8138271 8138272 8005872 8005873 5419207 5419208 2266735 2266736 -1443453 -1443452 -4846285 -4846284 -6551557 -6551556 -7478120 -7478119 -5785989 -5785988 -3421789 -3421788 326195 326196 4341618 4341619 6962852 6962853 9527604 9527605 8227901 8227902 6552384 6552385 1176567 1176568 -5929202 -5929201 -11808501 -11808500 -24525699 -24525698 -23380909 -23380908 -50034551 -50034550 -1809192337 -1809192336
-1 1 -1 1 -1 1 -1 1 -1 1 -1 1 -1 1 -1 1 -1 1 -1 1 -1 1 -1 1 -1 1 -1 1 -1 1 -1 1 -1 1 -1 1 -1 1 -1 1 -1 1 -1 1 -1 1 -1 1 -1 1 -1 1 -1 1 -1 1 -1 1 -1 1 -1 1 -1 1 -1 1 -1 1 -1 1 -1 1 -1 1 -1 1 -1 1 -1 1 -1 1 -1 1 -1 1 -1 1 -1 1 -1 1 -1 1 -1 1 -1 1 -1 1 -1 1
-26900956218 -26900956217 -61996675607 -61996675606 39041728439 39041728440 7464135543 7464135544 -13573276466 -13573276465 1281928594 1281928595 602989516 602989517 297568307 297568308 124710176 124710177 41775039 41775040 -131206 -131205 -16780140 -16780139 -19122992 -19122991 -16176777 -16176776 -9882326 -9882325 -4394048 -4394047 91721 91722 2811796 2811797 3709186 3709187 3590076 3590077 2440007 2440008 1177434 1177435 -83388 -83387 -995052 -995051 -1371946 -1371945 -1410422 -1410421 -994215 -994214 -481673 -481672 91432 91433 550927 550928 752763 752764 795269 795270 555357 555358 247434 247435 -120238 -120237 -440638 -440637 -571891 -571890 -610361 -610360 -399810 -399809 -131746 -131745 199254 199255 528605 528606 628720 628721 693173 693174 386588 386589 -9166 -9165 -516692 -516691 -1398865 -1398864 -1486688 -1486687 -3356887 -3356886 -124222358 -124222357
-1 1 -1 1 -1 1 -1 1 -1 1 -1 1 -1 1 -1 1 -1 1 -1 1 -1 1 -1 1 -1 1 -1 1 -1 1 -1 1 -1 1 -1 1 -1 1 -1 1 -1 1 -1 1 -1 1 -1 1 -1 1 -1 1 -1 1 -1 1 -1 1 -1 1 -1 1 -1 1 -1 1 -1 1 -1 1 -1 1 -1 1 -1 1 -1 1 -1 1 -1 1 -1 1 -1 1 -1 1 -1 1 -1 1 -1 1 -1 1 -1 1 -1 1 -1 1
-26900956218 -26900956217 -61996675607 -61996675606 39041728439 39041728440 7464135543 7464135544 -13573276466 -13573276465 1281928594 1281928595 602989516 602989517 297568307 297568308 124710176 124710177 41775039 41775040 -131206 -131205 -16780140 -16780139 -19122992 -19122991 -16176777 -16176776 -9882326 -9882325 -4394048 -4394047 91721 91722 2811796 2811797 3709186 3709187 3590076 3590077 2440007 2440008 1177434 1177435 -83388 -83387 -995052 -995051 -1371946 -1371945 -1410422 -1410421 -994215 -994214 -481673 -481672 91432 91433 550927 550928 752763 752764 795269 795270 555357 555358 247434 247435 -120238 -120237 -440638 -440637 -571891 -571890 -610361 -610360 -399810 -399809 -131746 -131745 199254 199255 528605 528606 628720 628721 693173 693174 386588 386589 -9166 -9165 -516692 -516691 -1398865 -1398864 -1486688 -1486687 -3356887 -3356886 -124222358 -124222357
-1 1 -1 1 -1 1 -1 1 -1 1 -1 1 -1 1 -1 1 -1 1 -1 1 -1 1 -1 1 -1 1 -1 1 -1 1 -1 1 -1 1 -1 1 -1 1 -1 1 -1 1 -1 1 -1 1 -1 1 -1 1 -1 1 -1 1 -1 1 -1 1 -1 1 -1 1 -1 1 -1 1 -1 1 -1 1 -1 1 -1 1 -1 1 -1 1 -1 1 -1 1 -1 1 -1 1 -1 1 -1 1 -1 1 -1 1 -1 1 -1 1 -1 1 -1 1
24987156490 24987156491 35189455800 35189455801 -21928294220 -21928294219 13339429129 13339429130 -1385310934 -1385310933 -587428001 -587428000 -228012274 -228012273 -74037504 -74037503 -1027974 -1027973 27103924 27103925 31190783 31190784 26377290 26377291 15955726 15955727 6643463 6643464 -1050256 -1050255 -5858079 -5858078 -7427274 -7427273 -7162963 -7162962 -4893206 -4893205 -2315677 -2315676 340841 340842 2372214 2372215 3298954 3298955 3493588 3493589 2599565 2599566 1400134 1400135 -70709 -70708 -1357746 -1357745 -2079712 -2079711 -2407838 -2407837 -1927843 -1927842 -1182111 -1182110 -76233 -76232 1008083 1008084 1719181 1719182 2200588 2200589 1884029 1884030 1327481 1327482 231662 231663 -976418 -976417 -1887683 -1887682 -2783997 -2783996 -2539550 -2539549 -2173440 -2173439 -595504 -595503 1483471 1483472 3345027 3345028 7203109 7203110 6987232 6987233 15090501 15090502 547891838 547891839
-1 1 -1 1 -1 1 -1 1 -1 1 -1 1 -1 1 -1 1 -1 1 -1 1 -1 1 -1 1 -1 1 -1 1 -1 1 -1 1 -1 1 -1 1 -1 1 -1 1 -1 1 -1 1 -1 1 -1 1 -1 1 -1 1 -1 1 -1 1 -1 1 -1 1 -1 1 -1 1 -1 1 -1 1 -1 1 -1 1 -1 1 -1 1 -1 1 -1 1 -1 1 -1 1 -1 1 -1 1 -1 1 -1 1 -1 1 -1 1 -1 1 -1 1 -1 1
24987156490 24987156491 35189455800 35189455801 -21928294220 -21928294219 13339429129 13339429130 -1385310934 -1385310933 -587428001 -587428000 -228012274 -228012273 -74037504 -74037503 -1027974 -1027973 27103924 27103925 31190783 31190784 26377290 26377291 15955726 15955727 6643463 6643464 -1050256 -1050255 -5858079 -5858078 -7427274 -7427273 -7162963 -7162962 -4893206 -4893205 -2315677 -2315676 340841 340842 2372214 2372215 3298954 3298955 3493588 3493589 2599565 2599566 1400134 1400135 -70709 -70708 -1357746 -1357745 -2079712 -2079711 -2407838 -2407837 -1927843 -1927842 -1182111 -1182110 -76233 -76232 1008083 1008084 1719181 1719182 2200588 2200589 1884029 1884030 1327481 1327482 231662 231663 -976418 -976417 -1887683 -1887682 -2783997 -2783996 -2539550 -2539549 -2173440 -2173439 -595504 -595503 1483471 1483472 3345027 3345028 7203109 7203110 6987232 6987233 15090501 15090502 547891838 547891839
-1 1 -1 1 -1 1 -1 1 -1 1 -1 1 -1 1 -1 1 -1 1 -1 1 -1 1 -1 1 -1 1 -1 1 -1 1 -1 1 -1 1 -1 1 -1 1 -1 1 -1 1 -1 1 -1 1 -1 1 -1 1 -1 1 -1 1 -1 1 -1 1 -1 1 -1 1 -1 1 -1 1 -1 1 -1 1 -1 1 -1 1 -1 1 -1 1 -1 1 -1 1 -1 1 -1 1 -1 1 -1 1 -1 1 -1 1 -1 1 -1 1 -1 1 -1 1
-23420878815 -23420878814 -10072439842 -10072439841 -14785860113 -14785860112 1135810669 1135810670 375316687 375316688 149091843 149091844 49781812 49781813 8384695 8384696 -9070530 -9070529 -14519125 -14519124 -13002632 -13002631 -9679199 -9679198 -5113989 -5113988 -1425097 -1425096 1306348 1306349 2884886 2884887 3168247 3168248 2819690 2819691 1769700 1769701 674810 674811 -364288 -364287 -1125815 -1125814 -1412679 -1412678 -1415523 -1415522 -997008 -997007 -476751 -476750 120075 120076 629291 629292 889400 889401 989804 989805 764498 764499 438683 438684 -17318 -17317 -457997 -457996 -732093 -732092 -911245 -911244 -762611 -762610 -518584 -518583 -63911 -63910 434170 434171 798255 798256 1156063 1156064 1041317 1041318 877164 877165 222491 222492 -640871 -640870 -1400086 -1400085 -2988994 -2988993 -2887682 -2887681 -6223406 -6223405 -225742047 -225742046
-1 1 -1 1 -1 1 -1 1 -1 1 -1 1 -1 1 -1 1 -1 1 -1 1 -1 1 -1 1 -1 1 -1 1 -1 1 -1 1 -1 1 -1 1 -1 1 -1 1 -1 1 -1 1 -1 1 -1 1 -1 1 -1 1 -1 1 -1 1 -1 1 -1 1 -1 1 -1 1 -1 1 -1 1 -1 1 -1 1 -1 1 -1 1 -1 1 -1 1 -1 1 -1 1 -1 1 -1 1 -1 1 -1 1 -1 1 -1 1 -1 1 -1 1 -1 1
-23420878815 -23420878814 -10072439842 -10072439841 -14785860113 -14785860112 1135810669 1135810670 375316687 375316688 149091843 149091844 49781812 49781813 8384695 8384696 -9070530 -9070529 -14519125 -14519124 -13002632 -13002631 -9679199 -9679198 -5113989 -5113988 -1425097 -1425096 1306348 1306349 2884886 2884887 3168247 3168248 2819690 2819691 1769700 1769701 674810 674811 -364288 -364287 -1125815 -1125814 -1412679 -1412678 -1415523 -1415522 -997008 -997007 -476751 -476750 120075 120076 629291 629292 889400 889401 989804 989805 764498 764499 438683 438684 -17318 -17317 -457997 -457996 -732093 -732092 -911245 -911244 -762611 -762610 -518584 -518583 -63911 -63910 434170 434171 798255 798256 1156063 1156064 1041317 1041318 877164 877165 222491 222492 -640871 -640870 -1400086 -1400085 -2988994 -2988993 -2887682 -2887681 -6223406 -6223405 -225742047 -225742046
-1 1 -1 1 -1 1 -1 1 -1 1 -1 1 -1 1 -1 1 -1 1 -1 1 -1 1 -1 1 -1 1 -1 1 -1 1 -1 1 -1 1 -1 1 -1 1 -1 1 -1 1 -1 1 -1 1 -1 1 -1 1 -1 1 -1 1 -1 1 -1 1 -1 1 -1 1 -1 1 -1 1 -1 1 -1 1 -1 1 -1 1 -1 1 -1 1 -1 1 -1 1 -1 1 -1 1 -1 1 -1 1 -1 1 -1 1 -1 1 -1 1 -1 1 -1 1
-1 1 -1 1 -1 1 -1 1 -1 1 -1 1 -1 1 -1 1 -1 1 -1 1 -1 1 -1 1 -1 1 -1 1 -1 1 -1 1 -1 1 -1 1 -1 1 -1 1 -1 1 -1 1 -1 1 -1 1 -1 1 -1 1 -1 1 -1 1 -1 1 -1 1 -1 1 -1 1 -1 1 -1 1 -1 1 -1 1 -1 1 -1 1 -1 1 -1 1 -1 1 -1 1 -1 1 -1 1 -1 1 -1 1 -1 1 -1 1 -1 1 -1 1 -1 1
-1 1 -1 1 -1 1 -1 1 -1 1 -1 1 -1 1 -1 1 -1 1 -1 1 -1 1 -1 1 -1 1 -1 1 -1 1 -1 1 -1 1 -1 1 -1 1 -1 1 -1 1 -1 1 -1 1 -1 1 -1 1 -1 1 -1 1 -1 1 -1 1 -1 1 -1 1 -1 1 -1 1 -1 1 -1 1 -1 1 -1 1 -1 1 -1 1 -1 1 -1 1 -1 1 -1 1 -1 1 -1 1 -1 1 -1 1 -1 1 -1 1 -1 1 -1 1
